epoch,k,decentralisation,min_pool_cost_ada,source,generated_at
210,150,1,340.0,https://koios.tosidrop.me/api/v1/epoch_params,2026-05-19T18:01:40+00:00
211,150,0.9,340.0,https://koios.tosidrop.me/api/v1/epoch_params,2026-05-19T18:01:40+00:00
212,150,0.8,340.0,https://koios.tosidrop.me/api/v1/epoch_params,2026-05-19T18:01:40+00:00
213,150,0.78,340.0,https://koios.tosidrop.me/api/v1/epoch_params,2026-05-19T18:01:40+00:00
214,150,0.76,340.0,https://koios.tosidrop.me/api/v1/epoch_params,2026-05-19T18:01:40+00:00
215,150,0.74,340.0,https://koios.tosidrop.me/api/v1/epoch_params,2026-05-19T18:01:40+00:00
216,150,0.72,340.0,https://koios.tosidrop.me/api/v1/epoch_params,2026-05-19T18:01:40+00:00
217,150,0.7,340.0,https://koios.tosidrop.me/api/v1/epoch_params,2026-05-19T18:01:40+00:00
218,150,0.68,340.0,https://koios.tosidrop.me/api/v1/epoch_params,2026-05-19T18:01:40+00:00
219,150,0.66,340.0,https://koios.tosidrop.me/api/v1/epoch_params,2026-05-19T18:01:40+00:00
220,150,0.64,340.0,https://koios.tosidrop.me/api/v1/epoch_params,2026-05-19T18:01:40+00:00
221,150,0.62,340.0,https://koios.tosidrop.me/api/v1/epoch_params,2026-05-19T18:01:40+00:00
222,150,0.6,340.0,https://koios.tosidrop.me/api/v1/epoch_params,2026-05-19T18:01:40+00:00
223,150,0.58,340.0,https://koios.tosidrop.me/api/v1/epoch_params,2026-05-19T18:01:40+00:00
224,150,0.56,340.0,https://koios.tosidrop.me/api/v1/epoch_params,2026-05-19T18:01:40+00:00
225,150,0.54,340.0,https://koios.tosidrop.me/api/v1/epoch_params,2026-05-19T18:01:40+00:00
226,150,0.52,340.0,https://koios.tosidrop.me/api/v1/epoch_params,2026-05-19T18:01:40+00:00
227,150,0.5,340.0,https://koios.tosidrop.me/api/v1/epoch_params,2026-05-19T18:01:40+00:00
228,150,0.48,340.0,https://koios.tosidrop.me/api/v1/epoch_params,2026-05-19T18:01:40+00:00
229,150,0.46,340.0,https://koios.tosidrop.me/api/v1/epoch_params,2026-05-19T18:01:40+00:00
230,150,0.44,340.0,https://koios.tosidrop.me/api/v1/epoch_params,2026-05-19T18:01:40+00:00
231,150,0.42,340.0,https://koios.tosidrop.me/api/v1/epoch_params,2026-05-19T18:01:40+00:00
232,150,0.4,340.0,https://koios.tosidrop.me/api/v1/epoch_params,2026-05-19T18:01:40+00:00
233,150,0.38,340.0,https://koios.tosidrop.me/api/v1/epoch_params,2026-05-19T18:01:40+00:00
234,500,0.32,340.0,https://koios.tosidrop.me/api/v1/epoch_params,2026-05-19T18:01:40+00:00
235,500,0.32,340.0,https://koios.tosidrop.me/api/v1/epoch_params,2026-05-19T18:01:40+00:00
236,500,0.32,340.0,https://koios.tosidrop.me/api/v1/epoch_params,2026-05-19T18:01:40+00:00
237,500,0.32,340.0,https://koios.tosidrop.me/api/v1/epoch_params,2026-05-19T18:01:40+00:00
238,500,0.32,340.0,https://koios.tosidrop.me/api/v1/epoch_params,2026-05-19T18:01:40+00:00
239,500,0.32,340.0,https://koios.tosidrop.me/api/v1/epoch_params,2026-05-19T18:01:40+00:00
240,500,0.32,340.0,https://koios.tosidrop.me/api/v1/epoch_params,2026-05-19T18:01:40+00:00
241,500,0.32,340.0,https://koios.tosidrop.me/api/v1/epoch_params,2026-05-19T18:01:40+00:00
242,500,0.3,340.0,https://koios.tosidrop.me/api/v1/epoch_params,2026-05-19T18:01:40+00:00
243,500,0.28,340.0,https://koios.tosidrop.me/api/v1/epoch_params,2026-05-19T18:01:40+00:00
244,500,0.26,340.0,https://koios.tosidrop.me/api/v1/epoch_params,2026-05-19T18:01:40+00:00
245,500,0.24,340.0,https://koios.tosidrop.me/api/v1/epoch_params,2026-05-19T18:01:40+00:00
246,500,0.22,340.0,https://koios.tosidrop.me/api/v1/epoch_params,2026-05-19T18:01:40+00:00
247,500,0.2,340.0,https://koios.tosidrop.me/api/v1/epoch_params,2026-05-19T18:01:40+00:00
248,500,0.18,340.0,https://koios.tosidrop.me/api/v1/epoch_params,2026-05-19T18:01:40+00:00
249,500,0.16,340.0,https://koios.tosidrop.me/api/v1/epoch_params,2026-05-19T18:01:40+00:00
250,500,0.14,340.0,https://koios.tosidrop.me/api/v1/epoch_params,2026-05-19T18:01:40+00:00
251,500,0.12,340.0,https://koios.tosidrop.me/api/v1/epoch_params,2026-05-19T18:01:40+00:00
252,500,0.1,340.0,https://koios.tosidrop.me/api/v1/epoch_params,2026-05-19T18:01:40+00:00
253,500,0.08,340.0,https://koios.tosidrop.me/api/v1/epoch_params,2026-05-19T18:01:40+00:00
254,500,0.06,340.0,https://koios.tosidrop.me/api/v1/epoch_params,2026-05-19T18:01:40+00:00
255,500,0.06,340.0,https://koios.tosidrop.me/api/v1/epoch_params,2026-05-19T18:01:40+00:00
256,500,0.02,340.0,https://koios.tosidrop.me/api/v1/epoch_params,2026-05-19T18:01:40+00:00
257,500,0,340.0,https://koios.tosidrop.me/api/v1/epoch_params,2026-05-19T18:01:40+00:00
258,500,0,340.0,https://koios.tosidrop.me/api/v1/epoch_params,2026-05-19T18:01:40+00:00
259,500,0,340.0,https://koios.tosidrop.me/api/v1/epoch_params,2026-05-19T18:01:40+00:00
260,500,0,340.0,https://koios.tosidrop.me/api/v1/epoch_params,2026-05-19T18:01:40+00:00
261,500,0,340.0,https://koios.tosidrop.me/api/v1/epoch_params,2026-05-19T18:01:40+00:00
262,500,0,340.0,https://koios.tosidrop.me/api/v1/epoch_params,2026-05-19T18:01:40+00:00
263,500,0,340.0,https://koios.tosidrop.me/api/v1/epoch_params,2026-05-19T18:01:40+00:00
264,500,0,340.0,https://koios.tosidrop.me/api/v1/epoch_params,2026-05-19T18:01:40+00:00
265,500,0,340.0,https://koios.tosidrop.me/api/v1/epoch_params,2026-05-19T18:01:40+00:00
266,500,0,340.0,https://koios.tosidrop.me/api/v1/epoch_params,2026-05-19T18:01:40+00:00
267,500,0,340.0,https://koios.tosidrop.me/api/v1/epoch_params,2026-05-19T18:01:40+00:00
268,500,0,340.0,https://koios.tosidrop.me/api/v1/epoch_params,2026-05-19T18:01:40+00:00
269,500,0,340.0,https://koios.tosidrop.me/api/v1/epoch_params,2026-05-19T18:01:40+00:00
270,500,0,340.0,https://koios.tosidrop.me/api/v1/epoch_params,2026-05-19T18:01:40+00:00
271,500,0,340.0,https://koios.tosidrop.me/api/v1/epoch_params,2026-05-19T18:01:40+00:00
272,500,0,340.0,https://koios.tosidrop.me/api/v1/epoch_params,2026-05-19T18:01:40+00:00
273,500,0,340.0,https://koios.tosidrop.me/api/v1/epoch_params,2026-05-19T18:01:40+00:00
274,500,0,340.0,https://koios.tosidrop.me/api/v1/epoch_params,2026-05-19T18:01:40+00:00
275,500,0,340.0,https://koios.tosidrop.me/api/v1/epoch_params,2026-05-19T18:01:40+00:00
276,500,0,340.0,https://koios.tosidrop.me/api/v1/epoch_params,2026-05-19T18:01:40+00:00
277,500,0,340.0,https://koios.tosidrop.me/api/v1/epoch_params,2026-05-19T18:01:40+00:00
278,500,0,340.0,https://koios.tosidrop.me/api/v1/epoch_params,2026-05-19T18:01:40+00:00
279,500,0,340.0,https://koios.tosidrop.me/api/v1/epoch_params,2026-05-19T18:01:40+00:00
280,500,0,340.0,https://koios.tosidrop.me/api/v1/epoch_params,2026-05-19T18:01:40+00:00
281,500,0,340.0,https://koios.tosidrop.me/api/v1/epoch_params,2026-05-19T18:01:40+00:00
282,500,0,340.0,https://koios.tosidrop.me/api/v1/epoch_params,2026-05-19T18:01:40+00:00
283,500,0,340.0,https://koios.tosidrop.me/api/v1/epoch_params,2026-05-19T18:01:40+00:00
284,500,0,340.0,https://koios.tosidrop.me/api/v1/epoch_params,2026-05-19T18:01:40+00:00
285,500,0,340.0,https://koios.tosidrop.me/api/v1/epoch_params,2026-05-19T18:01:40+00:00
286,500,0,340.0,https://koios.tosidrop.me/api/v1/epoch_params,2026-05-19T18:01:40+00:00
287,500,0,340.0,https://koios.tosidrop.me/api/v1/epoch_params,2026-05-19T18:01:40+00:00
288,500,0,340.0,https://koios.tosidrop.me/api/v1/epoch_params,2026-05-19T18:01:40+00:00
289,500,0,340.0,https://koios.tosidrop.me/api/v1/epoch_params,2026-05-19T18:01:40+00:00
290,500,0,340.0,https://koios.tosidrop.me/api/v1/epoch_params,2026-05-19T18:01:40+00:00
291,500,0,340.0,https://koios.tosidrop.me/api/v1/epoch_params,2026-05-19T18:01:40+00:00
292,500,0,340.0,https://koios.tosidrop.me/api/v1/epoch_params,2026-05-19T18:01:40+00:00
293,500,0,340.0,https://koios.tosidrop.me/api/v1/epoch_params,2026-05-19T18:01:40+00:00
294,500,0,340.0,https://koios.tosidrop.me/api/v1/epoch_params,2026-05-19T18:01:40+00:00
295,500,0,340.0,https://koios.tosidrop.me/api/v1/epoch_params,2026-05-19T18:01:40+00:00
296,500,0,340.0,https://koios.tosidrop.me/api/v1/epoch_params,2026-05-19T18:01:40+00:00
297,500,0,340.0,https://koios.tosidrop.me/api/v1/epoch_params,2026-05-19T18:01:40+00:00
298,500,0,340.0,https://koios.tosidrop.me/api/v1/epoch_params,2026-05-19T18:01:40+00:00
299,500,0,340.0,https://koios.tosidrop.me/api/v1/epoch_params,2026-05-19T18:01:40+00:00
300,500,0,340.0,https://koios.tosidrop.me/api/v1/epoch_params,2026-05-19T18:01:40+00:00
301,500,0,340.0,https://koios.tosidrop.me/api/v1/epoch_params,2026-05-19T18:01:40+00:00
302,500,0,340.0,https://koios.tosidrop.me/api/v1/epoch_params,2026-05-19T18:01:40+00:00
303,500,0,340.0,https://koios.tosidrop.me/api/v1/epoch_params,2026-05-19T18:01:40+00:00
304,500,0,340.0,https://koios.tosidrop.me/api/v1/epoch_params,2026-05-19T18:01:40+00:00
305,500,0,340.0,https://koios.tosidrop.me/api/v1/epoch_params,2026-05-19T18:01:40+00:00
306,500,0,340.0,https://koios.tosidrop.me/api/v1/epoch_params,2026-05-19T18:01:40+00:00
307,500,0,340.0,https://koios.tosidrop.me/api/v1/epoch_params,2026-05-19T18:01:40+00:00
308,500,0,340.0,https://koios.tosidrop.me/api/v1/epoch_params,2026-05-19T18:01:40+00:00
309,500,0,340.0,https://koios.tosidrop.me/api/v1/epoch_params,2026-05-19T18:01:40+00:00
310,500,0,340.0,https://koios.tosidrop.me/api/v1/epoch_params,2026-05-19T18:01:40+00:00
311,500,0,340.0,https://koios.tosidrop.me/api/v1/epoch_params,2026-05-19T18:01:40+00:00
312,500,0,340.0,https://koios.tosidrop.me/api/v1/epoch_params,2026-05-19T18:01:40+00:00
313,500,0,340.0,https://koios.tosidrop.me/api/v1/epoch_params,2026-05-19T18:01:40+00:00
314,500,0,340.0,https://koios.tosidrop.me/api/v1/epoch_params,2026-05-19T18:01:40+00:00
315,500,0,340.0,https://koios.tosidrop.me/api/v1/epoch_params,2026-05-19T18:01:40+00:00
316,500,0,340.0,https://koios.tosidrop.me/api/v1/epoch_params,2026-05-19T18:01:40+00:00
317,500,0,340.0,https://koios.tosidrop.me/api/v1/epoch_params,2026-05-19T18:01:40+00:00
318,500,0,340.0,https://koios.tosidrop.me/api/v1/epoch_params,2026-05-19T18:01:40+00:00
319,500,0,340.0,https://koios.tosidrop.me/api/v1/epoch_params,2026-05-19T18:01:40+00:00
320,500,0,340.0,https://koios.tosidrop.me/api/v1/epoch_params,2026-05-19T18:01:40+00:00
321,500,0,340.0,https://koios.tosidrop.me/api/v1/epoch_params,2026-05-19T18:01:40+00:00
322,500,0,340.0,https://koios.tosidrop.me/api/v1/epoch_params,2026-05-19T18:01:40+00:00
323,500,0,340.0,https://koios.tosidrop.me/api/v1/epoch_params,2026-05-19T18:01:40+00:00
324,500,0,340.0,https://koios.tosidrop.me/api/v1/epoch_params,2026-05-19T18:01:40+00:00
325,500,0,340.0,https://koios.tosidrop.me/api/v1/epoch_params,2026-05-19T18:01:40+00:00
326,500,0,340.0,https://koios.tosidrop.me/api/v1/epoch_params,2026-05-19T18:01:40+00:00
327,500,0,340.0,https://koios.tosidrop.me/api/v1/epoch_params,2026-05-19T18:01:40+00:00
328,500,0,340.0,https://koios.tosidrop.me/api/v1/epoch_params,2026-05-19T18:01:40+00:00
329,500,0,340.0,https://koios.tosidrop.me/api/v1/epoch_params,2026-05-19T18:01:40+00:00
330,500,0,340.0,https://koios.tosidrop.me/api/v1/epoch_params,2026-05-19T18:01:40+00:00
331,500,0,340.0,https://koios.tosidrop.me/api/v1/epoch_params,2026-05-19T18:01:40+00:00
332,500,0,340.0,https://koios.tosidrop.me/api/v1/epoch_params,2026-05-19T18:01:40+00:00
333,500,0,340.0,https://koios.tosidrop.me/api/v1/epoch_params,2026-05-19T18:01:40+00:00
334,500,0,340.0,https://koios.tosidrop.me/api/v1/epoch_params,2026-05-19T18:01:40+00:00
335,500,0,340.0,https://koios.tosidrop.me/api/v1/epoch_params,2026-05-19T18:01:40+00:00
336,500,0,340.0,https://koios.tosidrop.me/api/v1/epoch_params,2026-05-19T18:01:40+00:00
337,500,0,340.0,https://koios.tosidrop.me/api/v1/epoch_params,2026-05-19T18:01:40+00:00
338,500,0,340.0,https://koios.tosidrop.me/api/v1/epoch_params,2026-05-19T18:01:40+00:00
339,500,0,340.0,https://koios.tosidrop.me/api/v1/epoch_params,2026-05-19T18:01:40+00:00
340,500,0,340.0,https://koios.tosidrop.me/api/v1/epoch_params,2026-05-19T18:01:40+00:00
341,500,0,340.0,https://koios.tosidrop.me/api/v1/epoch_params,2026-05-19T18:01:40+00:00
342,500,0,340.0,https://koios.tosidrop.me/api/v1/epoch_params,2026-05-19T18:01:40+00:00
343,500,0,340.0,https://koios.tosidrop.me/api/v1/epoch_params,2026-05-19T18:01:40+00:00
344,500,0,340.0,https://koios.tosidrop.me/api/v1/epoch_params,2026-05-19T18:01:40+00:00
345,500,0,340.0,https://koios.tosidrop.me/api/v1/epoch_params,2026-05-19T18:01:40+00:00
346,500,0,340.0,https://koios.tosidrop.me/api/v1/epoch_params,2026-05-19T18:01:40+00:00
347,500,0,340.0,https://koios.tosidrop.me/api/v1/epoch_params,2026-05-19T18:01:40+00:00
348,500,0,340.0,https://koios.tosidrop.me/api/v1/epoch_params,2026-05-19T18:01:40+00:00
349,500,0,340.0,https://koios.tosidrop.me/api/v1/epoch_params,2026-05-19T18:01:40+00:00
350,500,0,340.0,https://koios.tosidrop.me/api/v1/epoch_params,2026-05-19T18:01:40+00:00
351,500,0,340.0,https://koios.tosidrop.me/api/v1/epoch_params,2026-05-19T18:01:40+00:00
352,500,0,340.0,https://koios.tosidrop.me/api/v1/epoch_params,2026-05-19T18:01:40+00:00
353,500,0,340.0,https://koios.tosidrop.me/api/v1/epoch_params,2026-05-19T18:01:40+00:00
354,500,0,340.0,https://koios.tosidrop.me/api/v1/epoch_params,2026-05-19T18:01:40+00:00
355,500,0,340.0,https://koios.tosidrop.me/api/v1/epoch_params,2026-05-19T18:01:40+00:00
356,500,0,340.0,https://koios.tosidrop.me/api/v1/epoch_params,2026-05-19T18:01:40+00:00
357,500,0,340.0,https://koios.tosidrop.me/api/v1/epoch_params,2026-05-19T18:01:40+00:00
358,500,0,340.0,https://koios.tosidrop.me/api/v1/epoch_params,2026-05-19T18:01:40+00:00
359,500,0,340.0,https://koios.tosidrop.me/api/v1/epoch_params,2026-05-19T18:01:40+00:00
360,500,0,340.0,https://koios.tosidrop.me/api/v1/epoch_params,2026-05-19T18:01:40+00:00
361,500,0,340.0,https://koios.tosidrop.me/api/v1/epoch_params,2026-05-19T18:01:40+00:00
362,500,0,340.0,https://koios.tosidrop.me/api/v1/epoch_params,2026-05-19T18:01:40+00:00
363,500,0,340.0,https://koios.tosidrop.me/api/v1/epoch_params,2026-05-19T18:01:40+00:00
364,500,0,340.0,https://koios.tosidrop.me/api/v1/epoch_params,2026-05-19T18:01:40+00:00
365,500,0,340.0,https://koios.tosidrop.me/api/v1/epoch_params,2026-05-19T18:01:40+00:00
366,500,0,340.0,https://koios.tosidrop.me/api/v1/epoch_params,2026-05-19T18:01:40+00:00
367,500,0,340.0,https://koios.tosidrop.me/api/v1/epoch_params,2026-05-19T18:01:40+00:00
368,500,0,340.0,https://koios.tosidrop.me/api/v1/epoch_params,2026-05-19T18:01:40+00:00
369,500,0,340.0,https://koios.tosidrop.me/api/v1/epoch_params,2026-05-19T18:01:40+00:00
370,500,0,340.0,https://koios.tosidrop.me/api/v1/epoch_params,2026-05-19T18:01:40+00:00
371,500,0,340.0,https://koios.tosidrop.me/api/v1/epoch_params,2026-05-19T18:01:40+00:00
372,500,0,340.0,https://koios.tosidrop.me/api/v1/epoch_params,2026-05-19T18:01:40+00:00
373,500,0,340.0,https://koios.tosidrop.me/api/v1/epoch_params,2026-05-19T18:01:40+00:00
374,500,0,340.0,https://koios.tosidrop.me/api/v1/epoch_params,2026-05-19T18:01:40+00:00
375,500,0,340.0,https://koios.tosidrop.me/api/v1/epoch_params,2026-05-19T18:01:40+00:00
376,500,0,340.0,https://koios.tosidrop.me/api/v1/epoch_params,2026-05-19T18:01:40+00:00
377,500,0,340.0,https://koios.tosidrop.me/api/v1/epoch_params,2026-05-19T18:01:40+00:00
378,500,0,340.0,https://koios.tosidrop.me/api/v1/epoch_params,2026-05-19T18:01:40+00:00
379,500,0,340.0,https://koios.tosidrop.me/api/v1/epoch_params,2026-05-19T18:01:40+00:00
380,500,0,340.0,https://koios.tosidrop.me/api/v1/epoch_params,2026-05-19T18:01:40+00:00
381,500,0,340.0,https://koios.tosidrop.me/api/v1/epoch_params,2026-05-19T18:01:40+00:00
382,500,0,340.0,https://koios.tosidrop.me/api/v1/epoch_params,2026-05-19T18:01:40+00:00
383,500,0,340.0,https://koios.tosidrop.me/api/v1/epoch_params,2026-05-19T18:01:40+00:00
384,500,0,340.0,https://koios.tosidrop.me/api/v1/epoch_params,2026-05-19T18:01:40+00:00
385,500,0,340.0,https://koios.tosidrop.me/api/v1/epoch_params,2026-05-19T18:01:40+00:00
386,500,0,340.0,https://koios.tosidrop.me/api/v1/epoch_params,2026-05-19T18:01:40+00:00
387,500,0,340.0,https://koios.tosidrop.me/api/v1/epoch_params,2026-05-19T18:01:40+00:00
388,500,0,340.0,https://koios.tosidrop.me/api/v1/epoch_params,2026-05-19T18:01:40+00:00
389,500,0,340.0,https://koios.tosidrop.me/api/v1/epoch_params,2026-05-19T18:01:40+00:00
390,500,0,340.0,https://koios.tosidrop.me/api/v1/epoch_params,2026-05-19T18:01:40+00:00
391,500,0,340.0,https://koios.tosidrop.me/api/v1/epoch_params,2026-05-19T18:01:40+00:00
392,500,0,340.0,https://koios.tosidrop.me/api/v1/epoch_params,2026-05-19T18:01:40+00:00
393,500,0,340.0,https://koios.tosidrop.me/api/v1/epoch_params,2026-05-19T18:01:40+00:00
394,500,0,340.0,https://koios.tosidrop.me/api/v1/epoch_params,2026-05-19T18:01:40+00:00
395,500,0,340.0,https://koios.tosidrop.me/api/v1/epoch_params,2026-05-19T18:01:40+00:00
396,500,0,340.0,https://koios.tosidrop.me/api/v1/epoch_params,2026-05-19T18:01:40+00:00
397,500,0,340.0,https://koios.tosidrop.me/api/v1/epoch_params,2026-05-19T18:01:40+00:00
398,500,0,340.0,https://koios.tosidrop.me/api/v1/epoch_params,2026-05-19T18:01:40+00:00
399,500,0,340.0,https://koios.tosidrop.me/api/v1/epoch_params,2026-05-19T18:01:40+00:00
400,500,0,340.0,https://koios.tosidrop.me/api/v1/epoch_params,2026-05-19T18:01:40+00:00
401,500,0,340.0,https://koios.tosidrop.me/api/v1/epoch_params,2026-05-19T18:01:40+00:00
402,500,0,340.0,https://koios.tosidrop.me/api/v1/epoch_params,2026-05-19T18:01:40+00:00
403,500,0,340.0,https://koios.tosidrop.me/api/v1/epoch_params,2026-05-19T18:01:40+00:00
404,500,0,340.0,https://koios.tosidrop.me/api/v1/epoch_params,2026-05-19T18:01:40+00:00
405,500,0,340.0,https://koios.tosidrop.me/api/v1/epoch_params,2026-05-19T18:01:40+00:00
406,500,0,340.0,https://koios.tosidrop.me/api/v1/epoch_params,2026-05-19T18:01:40+00:00
407,500,0,340.0,https://koios.tosidrop.me/api/v1/epoch_params,2026-05-19T18:01:40+00:00
408,500,0,340.0,https://koios.tosidrop.me/api/v1/epoch_params,2026-05-19T18:01:40+00:00
409,500,0,340.0,https://koios.tosidrop.me/api/v1/epoch_params,2026-05-19T18:01:40+00:00
410,500,0,340.0,https://koios.tosidrop.me/api/v1/epoch_params,2026-05-19T18:01:40+00:00
411,500,0,340.0,https://koios.tosidrop.me/api/v1/epoch_params,2026-05-19T18:01:40+00:00
412,500,0,340.0,https://koios.tosidrop.me/api/v1/epoch_params,2026-05-19T18:01:40+00:00
413,500,0,340.0,https://koios.tosidrop.me/api/v1/epoch_params,2026-05-19T18:01:40+00:00
414,500,0,340.0,https://koios.tosidrop.me/api/v1/epoch_params,2026-05-19T18:01:40+00:00
415,500,0,340.0,https://koios.tosidrop.me/api/v1/epoch_params,2026-05-19T18:01:40+00:00
416,500,0,340.0,https://koios.tosidrop.me/api/v1/epoch_params,2026-05-19T18:01:40+00:00
417,500,0,340.0,https://koios.tosidrop.me/api/v1/epoch_params,2026-05-19T18:01:40+00:00
418,500,0,340.0,https://koios.tosidrop.me/api/v1/epoch_params,2026-05-19T18:01:40+00:00
419,500,0,340.0,https://koios.tosidrop.me/api/v1/epoch_params,2026-05-19T18:01:40+00:00
420,500,0,340.0,https://koios.tosidrop.me/api/v1/epoch_params,2026-05-19T18:01:40+00:00
421,500,0,340.0,https://koios.tosidrop.me/api/v1/epoch_params,2026-05-19T18:01:40+00:00
422,500,0,340.0,https://koios.tosidrop.me/api/v1/epoch_params,2026-05-19T18:01:40+00:00
423,500,0,340.0,https://koios.tosidrop.me/api/v1/epoch_params,2026-05-19T18:01:40+00:00
424,500,0,340.0,https://koios.tosidrop.me/api/v1/epoch_params,2026-05-19T18:01:40+00:00
425,500,0,340.0,https://koios.tosidrop.me/api/v1/epoch_params,2026-05-19T18:01:40+00:00
426,500,0,340.0,https://koios.tosidrop.me/api/v1/epoch_params,2026-05-19T18:01:40+00:00
427,500,0,340.0,https://koios.tosidrop.me/api/v1/epoch_params,2026-05-19T18:01:40+00:00
428,500,0,340.0,https://koios.tosidrop.me/api/v1/epoch_params,2026-05-19T18:01:40+00:00
429,500,0,340.0,https://koios.tosidrop.me/api/v1/epoch_params,2026-05-19T18:01:40+00:00
430,500,0,340.0,https://koios.tosidrop.me/api/v1/epoch_params,2026-05-19T18:01:40+00:00
431,500,0,340.0,https://koios.tosidrop.me/api/v1/epoch_params,2026-05-19T18:01:40+00:00
432,500,0,340.0,https://koios.tosidrop.me/api/v1/epoch_params,2026-05-19T18:01:40+00:00
433,500,0,340.0,https://koios.tosidrop.me/api/v1/epoch_params,2026-05-19T18:01:40+00:00
434,500,0,340.0,https://koios.tosidrop.me/api/v1/epoch_params,2026-05-19T18:01:40+00:00
435,500,0,340.0,https://koios.tosidrop.me/api/v1/epoch_params,2026-05-19T18:01:40+00:00
436,500,0,340.0,https://koios.tosidrop.me/api/v1/epoch_params,2026-05-19T18:01:40+00:00
437,500,0,340.0,https://koios.tosidrop.me/api/v1/epoch_params,2026-05-19T18:01:40+00:00
438,500,0,340.0,https://koios.tosidrop.me/api/v1/epoch_params,2026-05-19T18:01:40+00:00
439,500,0,340.0,https://koios.tosidrop.me/api/v1/epoch_params,2026-05-19T18:01:40+00:00
440,500,0,340.0,https://koios.tosidrop.me/api/v1/epoch_params,2026-05-19T18:01:40+00:00
441,500,0,340.0,https://koios.tosidrop.me/api/v1/epoch_params,2026-05-19T18:01:40+00:00
442,500,0,340.0,https://koios.tosidrop.me/api/v1/epoch_params,2026-05-19T18:01:40+00:00
443,500,0,340.0,https://koios.tosidrop.me/api/v1/epoch_params,2026-05-19T18:01:40+00:00
444,500,0,340.0,https://koios.tosidrop.me/api/v1/epoch_params,2026-05-19T18:01:40+00:00
445,500,0,170.0,https://koios.tosidrop.me/api/v1/epoch_params,2026-05-19T18:01:40+00:00
446,500,0,170.0,https://koios.tosidrop.me/api/v1/epoch_params,2026-05-19T18:01:40+00:00
447,500,0,170.0,https://koios.tosidrop.me/api/v1/epoch_params,2026-05-19T18:01:40+00:00
448,500,0,170.0,https://koios.tosidrop.me/api/v1/epoch_params,2026-05-19T18:01:40+00:00
449,500,0,170.0,https://koios.tosidrop.me/api/v1/epoch_params,2026-05-19T18:01:40+00:00
450,500,0,170.0,https://koios.tosidrop.me/api/v1/epoch_params,2026-05-19T18:01:40+00:00
451,500,0,170.0,https://koios.tosidrop.me/api/v1/epoch_params,2026-05-19T18:01:40+00:00
452,500,0,170.0,https://koios.tosidrop.me/api/v1/epoch_params,2026-05-19T18:01:40+00:00
453,500,0,170.0,https://koios.tosidrop.me/api/v1/epoch_params,2026-05-19T18:01:40+00:00
454,500,0,170.0,https://koios.tosidrop.me/api/v1/epoch_params,2026-05-19T18:01:40+00:00
455,500,0,170.0,https://koios.tosidrop.me/api/v1/epoch_params,2026-05-19T18:01:40+00:00
456,500,0,170.0,https://koios.tosidrop.me/api/v1/epoch_params,2026-05-19T18:01:40+00:00
457,500,0,170.0,https://koios.tosidrop.me/api/v1/epoch_params,2026-05-19T18:01:40+00:00
458,500,0,170.0,https://koios.tosidrop.me/api/v1/epoch_params,2026-05-19T18:01:40+00:00
459,500,0,170.0,https://koios.tosidrop.me/api/v1/epoch_params,2026-05-19T18:01:40+00:00
460,500,0,170.0,https://koios.tosidrop.me/api/v1/epoch_params,2026-05-19T18:01:40+00:00
461,500,0,170.0,https://koios.tosidrop.me/api/v1/epoch_params,2026-05-19T18:01:40+00:00
462,500,0,170.0,https://koios.tosidrop.me/api/v1/epoch_params,2026-05-19T18:01:40+00:00
463,500,0,170.0,https://koios.tosidrop.me/api/v1/epoch_params,2026-05-19T18:01:40+00:00
464,500,0,170.0,https://koios.tosidrop.me/api/v1/epoch_params,2026-05-19T18:01:40+00:00
465,500,0,170.0,https://koios.tosidrop.me/api/v1/epoch_params,2026-05-19T18:01:40+00:00
466,500,0,170.0,https://koios.tosidrop.me/api/v1/epoch_params,2026-05-19T18:01:40+00:00
467,500,0,170.0,https://koios.tosidrop.me/api/v1/epoch_params,2026-05-19T18:01:40+00:00
468,500,0,170.0,https://koios.tosidrop.me/api/v1/epoch_params,2026-05-19T18:01:40+00:00
469,500,0,170.0,https://koios.tosidrop.me/api/v1/epoch_params,2026-05-19T18:01:40+00:00
470,500,0,170.0,https://koios.tosidrop.me/api/v1/epoch_params,2026-05-19T18:01:40+00:00
471,500,0,170.0,https://koios.tosidrop.me/api/v1/epoch_params,2026-05-19T18:01:40+00:00
472,500,0,170.0,https://koios.tosidrop.me/api/v1/epoch_params,2026-05-19T18:01:40+00:00
473,500,0,170.0,https://koios.tosidrop.me/api/v1/epoch_params,2026-05-19T18:01:40+00:00
474,500,0,170.0,https://koios.tosidrop.me/api/v1/epoch_params,2026-05-19T18:01:40+00:00
475,500,0,170.0,https://koios.tosidrop.me/api/v1/epoch_params,2026-05-19T18:01:40+00:00
476,500,0,170.0,https://koios.tosidrop.me/api/v1/epoch_params,2026-05-19T18:01:40+00:00
477,500,0,170.0,https://koios.tosidrop.me/api/v1/epoch_params,2026-05-19T18:01:40+00:00
478,500,0,170.0,https://koios.tosidrop.me/api/v1/epoch_params,2026-05-19T18:01:40+00:00
479,500,0,170.0,https://koios.tosidrop.me/api/v1/epoch_params,2026-05-19T18:01:40+00:00
480,500,0,170.0,https://koios.tosidrop.me/api/v1/epoch_params,2026-05-19T18:01:40+00:00
481,500,0,170.0,https://koios.tosidrop.me/api/v1/epoch_params,2026-05-19T18:01:40+00:00
482,500,0,170.0,https://koios.tosidrop.me/api/v1/epoch_params,2026-05-19T18:01:40+00:00
483,500,0,170.0,https://koios.tosidrop.me/api/v1/epoch_params,2026-05-19T18:01:40+00:00
484,500,0,170.0,https://koios.tosidrop.me/api/v1/epoch_params,2026-05-19T18:01:40+00:00
485,500,0,170.0,https://koios.tosidrop.me/api/v1/epoch_params,2026-05-19T18:01:40+00:00
486,500,0,170.0,https://koios.tosidrop.me/api/v1/epoch_params,2026-05-19T18:01:40+00:00
487,500,0,170.0,https://koios.tosidrop.me/api/v1/epoch_params,2026-05-19T18:01:40+00:00
488,500,0,170.0,https://koios.tosidrop.me/api/v1/epoch_params,2026-05-19T18:01:40+00:00
489,500,0,170.0,https://koios.tosidrop.me/api/v1/epoch_params,2026-05-19T18:01:40+00:00
490,500,0,170.0,https://koios.tosidrop.me/api/v1/epoch_params,2026-05-19T18:01:40+00:00
491,500,0,170.0,https://koios.tosidrop.me/api/v1/epoch_params,2026-05-19T18:01:40+00:00
492,500,0,170.0,https://koios.tosidrop.me/api/v1/epoch_params,2026-05-19T18:01:40+00:00
493,500,0,170.0,https://koios.tosidrop.me/api/v1/epoch_params,2026-05-19T18:01:40+00:00
494,500,0,170.0,https://koios.tosidrop.me/api/v1/epoch_params,2026-05-19T18:01:40+00:00
495,500,0,170.0,https://koios.tosidrop.me/api/v1/epoch_params,2026-05-19T18:01:40+00:00
496,500,0,170.0,https://koios.tosidrop.me/api/v1/epoch_params,2026-05-19T18:01:40+00:00
497,500,0,170.0,https://koios.tosidrop.me/api/v1/epoch_params,2026-05-19T18:01:40+00:00
498,500,0,170.0,https://koios.tosidrop.me/api/v1/epoch_params,2026-05-19T18:01:40+00:00
499,500,0,170.0,https://koios.tosidrop.me/api/v1/epoch_params,2026-05-19T18:01:40+00:00
500,500,0,170.0,https://koios.tosidrop.me/api/v1/epoch_params,2026-05-19T18:01:40+00:00
501,500,0,170.0,https://koios.tosidrop.me/api/v1/epoch_params,2026-05-19T18:01:40+00:00
502,500,0,170.0,https://koios.tosidrop.me/api/v1/epoch_params,2026-05-19T18:01:40+00:00
503,500,0,170.0,https://koios.tosidrop.me/api/v1/epoch_params,2026-05-19T18:01:40+00:00
504,500,0,170.0,https://koios.tosidrop.me/api/v1/epoch_params,2026-05-19T18:01:40+00:00
505,500,0,170.0,https://koios.tosidrop.me/api/v1/epoch_params,2026-05-19T18:01:40+00:00
506,500,0,170.0,https://koios.tosidrop.me/api/v1/epoch_params,2026-05-19T18:01:40+00:00
507,500,0,170.0,https://koios.tosidrop.me/api/v1/epoch_params,2026-05-19T18:01:40+00:00
508,500,0,170.0,https://koios.tosidrop.me/api/v1/epoch_params,2026-05-19T18:01:40+00:00
509,500,0,170.0,https://koios.tosidrop.me/api/v1/epoch_params,2026-05-19T18:01:40+00:00
510,500,0,170.0,https://koios.tosidrop.me/api/v1/epoch_params,2026-05-19T18:01:40+00:00
511,500,0,170.0,https://koios.tosidrop.me/api/v1/epoch_params,2026-05-19T18:01:40+00:00
512,500,0,170.0,https://koios.tosidrop.me/api/v1/epoch_params,2026-05-19T18:01:40+00:00
513,500,0,170.0,https://koios.tosidrop.me/api/v1/epoch_params,2026-05-19T18:01:40+00:00
514,500,0,170.0,https://koios.tosidrop.me/api/v1/epoch_params,2026-05-19T18:01:40+00:00
515,500,0,170.0,https://koios.tosidrop.me/api/v1/epoch_params,2026-05-19T18:01:40+00:00
516,500,0,170.0,https://koios.tosidrop.me/api/v1/epoch_params,2026-05-19T18:01:40+00:00
517,500,0,170.0,https://koios.tosidrop.me/api/v1/epoch_params,2026-05-19T18:01:40+00:00
518,500,0,170.0,https://koios.tosidrop.me/api/v1/epoch_params,2026-05-19T18:01:40+00:00
519,500,0,170.0,https://koios.tosidrop.me/api/v1/epoch_params,2026-05-19T18:01:40+00:00
520,500,0,170.0,https://koios.tosidrop.me/api/v1/epoch_params,2026-05-19T18:01:40+00:00
521,500,0,170.0,https://koios.tosidrop.me/api/v1/epoch_params,2026-05-19T18:01:40+00:00
522,500,0,170.0,https://koios.tosidrop.me/api/v1/epoch_params,2026-05-19T18:01:40+00:00
523,500,0,170.0,https://koios.tosidrop.me/api/v1/epoch_params,2026-05-19T18:01:40+00:00
524,500,0,170.0,https://koios.tosidrop.me/api/v1/epoch_params,2026-05-19T18:01:40+00:00
525,500,0,170.0,https://koios.tosidrop.me/api/v1/epoch_params,2026-05-19T18:01:40+00:00
526,500,0,170.0,https://koios.tosidrop.me/api/v1/epoch_params,2026-05-19T18:01:40+00:00
527,500,0,170.0,https://koios.tosidrop.me/api/v1/epoch_params,2026-05-19T18:01:40+00:00
528,500,0,170.0,https://koios.tosidrop.me/api/v1/epoch_params,2026-05-19T18:01:40+00:00
529,500,0,170.0,https://koios.tosidrop.me/api/v1/epoch_params,2026-05-19T18:01:40+00:00
530,500,0,170.0,https://koios.tosidrop.me/api/v1/epoch_params,2026-05-19T18:01:40+00:00
531,500,0,170.0,https://koios.tosidrop.me/api/v1/epoch_params,2026-05-19T18:01:40+00:00
532,500,0,170.0,https://koios.tosidrop.me/api/v1/epoch_params,2026-05-19T18:01:40+00:00
533,500,0,170.0,https://koios.tosidrop.me/api/v1/epoch_params,2026-05-19T18:01:40+00:00
534,500,0,170.0,https://koios.tosidrop.me/api/v1/epoch_params,2026-05-19T18:01:40+00:00
535,500,0,170.0,https://koios.tosidrop.me/api/v1/epoch_params,2026-05-19T18:01:40+00:00
536,500,0,170.0,https://koios.tosidrop.me/api/v1/epoch_params,2026-05-19T18:01:40+00:00
537,500,0,170.0,https://koios.tosidrop.me/api/v1/epoch_params,2026-05-19T18:01:40+00:00
538,500,0,170.0,https://koios.tosidrop.me/api/v1/epoch_params,2026-05-19T18:01:40+00:00
539,500,0,170.0,https://koios.tosidrop.me/api/v1/epoch_params,2026-05-19T18:01:40+00:00
540,500,0,170.0,https://koios.tosidrop.me/api/v1/epoch_params,2026-05-19T18:01:40+00:00
541,500,0,170.0,https://koios.tosidrop.me/api/v1/epoch_params,2026-05-19T18:01:40+00:00
542,500,0,170.0,https://koios.tosidrop.me/api/v1/epoch_params,2026-05-19T18:01:40+00:00
543,500,0,170.0,https://koios.tosidrop.me/api/v1/epoch_params,2026-05-19T18:01:40+00:00
544,500,0,170.0,https://koios.tosidrop.me/api/v1/epoch_params,2026-05-19T18:01:40+00:00
545,500,0,170.0,https://koios.tosidrop.me/api/v1/epoch_params,2026-05-19T18:01:40+00:00
546,500,0,170.0,https://koios.tosidrop.me/api/v1/epoch_params,2026-05-19T18:01:40+00:00
547,500,0,170.0,https://koios.tosidrop.me/api/v1/epoch_params,2026-05-19T18:01:40+00:00
548,500,0,170.0,https://koios.tosidrop.me/api/v1/epoch_params,2026-05-19T18:01:40+00:00
549,500,0,170.0,https://koios.tosidrop.me/api/v1/epoch_params,2026-05-19T18:01:40+00:00
550,500,0,170.0,https://koios.tosidrop.me/api/v1/epoch_params,2026-05-19T18:01:40+00:00
551,500,0,170.0,https://koios.tosidrop.me/api/v1/epoch_params,2026-05-19T18:01:40+00:00
552,500,0,170.0,https://koios.tosidrop.me/api/v1/epoch_params,2026-05-19T18:01:40+00:00
553,500,0,170.0,https://koios.tosidrop.me/api/v1/epoch_params,2026-05-19T18:01:40+00:00
554,500,0,170.0,https://koios.tosidrop.me/api/v1/epoch_params,2026-05-19T18:01:40+00:00
555,500,0,170.0,https://koios.tosidrop.me/api/v1/epoch_params,2026-05-19T18:01:40+00:00
556,500,0,170.0,https://koios.tosidrop.me/api/v1/epoch_params,2026-05-19T18:01:40+00:00
557,500,0,170.0,https://koios.tosidrop.me/api/v1/epoch_params,2026-05-19T18:01:40+00:00
558,500,0,170.0,https://koios.tosidrop.me/api/v1/epoch_params,2026-05-19T18:01:40+00:00
559,500,0,170.0,https://koios.tosidrop.me/api/v1/epoch_params,2026-05-19T18:01:40+00:00
560,500,0,170.0,https://koios.tosidrop.me/api/v1/epoch_params,2026-05-19T18:01:40+00:00
561,500,0,170.0,https://koios.tosidrop.me/api/v1/epoch_params,2026-05-19T18:01:40+00:00
562,500,0,170.0,https://koios.tosidrop.me/api/v1/epoch_params,2026-05-19T18:01:40+00:00
563,500,0,170.0,https://koios.tosidrop.me/api/v1/epoch_params,2026-05-19T18:01:40+00:00
564,500,0,170.0,https://koios.tosidrop.me/api/v1/epoch_params,2026-05-19T18:01:40+00:00
565,500,0,170.0,https://koios.tosidrop.me/api/v1/epoch_params,2026-05-19T18:01:40+00:00
566,500,0,170.0,https://koios.tosidrop.me/api/v1/epoch_params,2026-05-19T18:01:40+00:00
567,500,0,170.0,https://koios.tosidrop.me/api/v1/epoch_params,2026-05-19T18:01:40+00:00
568,500,0,170.0,https://koios.tosidrop.me/api/v1/epoch_params,2026-05-19T18:01:40+00:00
569,500,0,170.0,https://koios.tosidrop.me/api/v1/epoch_params,2026-05-19T18:01:40+00:00
570,500,0,170.0,https://koios.tosidrop.me/api/v1/epoch_params,2026-05-19T18:01:40+00:00
571,500,0,170.0,https://koios.tosidrop.me/api/v1/epoch_params,2026-05-19T18:01:40+00:00
572,500,0,170.0,https://koios.tosidrop.me/api/v1/epoch_params,2026-05-19T18:01:40+00:00
573,500,0,170.0,https://koios.tosidrop.me/api/v1/epoch_params,2026-05-19T18:01:40+00:00
574,500,0,170.0,https://koios.tosidrop.me/api/v1/epoch_params,2026-05-19T18:01:40+00:00
575,500,0,170.0,https://koios.tosidrop.me/api/v1/epoch_params,2026-05-19T18:01:40+00:00
576,500,0,170.0,https://koios.tosidrop.me/api/v1/epoch_params,2026-05-19T18:01:40+00:00
577,500,0,170.0,https://koios.tosidrop.me/api/v1/epoch_params,2026-05-19T18:01:40+00:00
578,500,0,170.0,https://koios.tosidrop.me/api/v1/epoch_params,2026-05-19T18:01:40+00:00
579,500,0,170.0,https://koios.tosidrop.me/api/v1/epoch_params,2026-05-19T18:01:40+00:00
580,500,0,170.0,https://koios.tosidrop.me/api/v1/epoch_params,2026-05-19T18:01:40+00:00
581,500,0,170.0,https://koios.tosidrop.me/api/v1/epoch_params,2026-05-19T18:01:40+00:00
582,500,0,170.0,https://koios.tosidrop.me/api/v1/epoch_params,2026-05-19T18:01:40+00:00
583,500,0,170.0,https://koios.tosidrop.me/api/v1/epoch_params,2026-05-19T18:01:40+00:00
584,500,0,170.0,https://koios.tosidrop.me/api/v1/epoch_params,2026-05-19T18:01:40+00:00
585,500,0,170.0,https://koios.tosidrop.me/api/v1/epoch_params,2026-05-19T18:01:40+00:00
586,500,0,170.0,https://koios.tosidrop.me/api/v1/epoch_params,2026-05-19T18:01:40+00:00
587,500,0,170.0,https://koios.tosidrop.me/api/v1/epoch_params,2026-05-19T18:01:40+00:00
588,500,0,170.0,https://koios.tosidrop.me/api/v1/epoch_params,2026-05-19T18:01:40+00:00
589,500,0,170.0,https://koios.tosidrop.me/api/v1/epoch_params,2026-05-19T18:01:40+00:00
590,500,0,170.0,https://koios.tosidrop.me/api/v1/epoch_params,2026-05-19T18:01:40+00:00
591,500,0,170.0,https://koios.tosidrop.me/api/v1/epoch_params,2026-05-19T18:01:40+00:00
592,500,0,170.0,https://koios.tosidrop.me/api/v1/epoch_params,2026-05-19T18:01:40+00:00
593,500,0,170.0,https://koios.tosidrop.me/api/v1/epoch_params,2026-05-19T18:01:40+00:00
594,500,0,170.0,https://koios.tosidrop.me/api/v1/epoch_params,2026-05-19T18:01:40+00:00
595,500,0,170.0,https://koios.tosidrop.me/api/v1/epoch_params,2026-05-19T18:01:40+00:00
596,500,0,170.0,https://koios.tosidrop.me/api/v1/epoch_params,2026-05-19T18:01:40+00:00
597,500,0,170.0,https://koios.tosidrop.me/api/v1/epoch_params,2026-05-19T18:01:40+00:00
598,500,0,170.0,https://koios.tosidrop.me/api/v1/epoch_params,2026-05-19T18:01:40+00:00
599,500,0,170.0,https://koios.tosidrop.me/api/v1/epoch_params,2026-05-19T18:01:40+00:00
600,500,0,170.0,https://koios.tosidrop.me/api/v1/epoch_params,2026-05-19T18:01:40+00:00
601,500,0,170.0,https://koios.tosidrop.me/api/v1/epoch_params,2026-05-19T18:01:40+00:00
602,500,0,170.0,https://koios.tosidrop.me/api/v1/epoch_params,2026-05-19T18:01:40+00:00
603,500,0,170.0,https://koios.tosidrop.me/api/v1/epoch_params,2026-05-19T18:01:40+00:00
604,500,0,170.0,https://koios.tosidrop.me/api/v1/epoch_params,2026-05-19T18:01:40+00:00
605,500,0,170.0,https://koios.tosidrop.me/api/v1/epoch_params,2026-05-19T18:01:40+00:00
606,500,0,170.0,https://koios.tosidrop.me/api/v1/epoch_params,2026-05-19T18:01:40+00:00
607,500,0,170.0,https://koios.tosidrop.me/api/v1/epoch_params,2026-05-19T18:01:40+00:00
608,500,0,170.0,https://koios.tosidrop.me/api/v1/epoch_params,2026-05-19T18:01:40+00:00
609,500,0,170.0,https://koios.tosidrop.me/api/v1/epoch_params,2026-05-19T18:01:40+00:00
610,500,0,170.0,https://koios.tosidrop.me/api/v1/epoch_params,2026-05-19T18:01:40+00:00
611,500,0,170.0,https://koios.tosidrop.me/api/v1/epoch_params,2026-05-19T18:01:40+00:00
612,500,0,170.0,https://koios.tosidrop.me/api/v1/epoch_params,2026-05-19T18:01:40+00:00
613,500,0,170.0,https://koios.tosidrop.me/api/v1/epoch_params,2026-05-19T18:01:40+00:00
614,500,0,170.0,https://koios.tosidrop.me/api/v1/epoch_params,2026-05-19T18:01:40+00:00
615,500,0,170.0,https://koios.tosidrop.me/api/v1/epoch_params,2026-05-19T18:01:40+00:00
616,500,0,170.0,https://koios.tosidrop.me/api/v1/epoch_params,2026-05-19T18:01:40+00:00
617,500,0,170.0,https://koios.tosidrop.me/api/v1/epoch_params,2026-05-19T18:01:40+00:00
618,500,0,170.0,https://koios.tosidrop.me/api/v1/epoch_params,2026-05-19T18:01:40+00:00
619,500,0,170.0,https://koios.tosidrop.me/api/v1/epoch_params,2026-05-19T18:01:40+00:00
620,500,0,170.0,https://koios.tosidrop.me/api/v1/epoch_params,2026-05-19T18:01:40+00:00
621,500,0,170.0,https://koios.tosidrop.me/api/v1/epoch_params,2026-05-19T18:01:40+00:00
622,500,0,170.0,https://koios.tosidrop.me/api/v1/epoch_params,2026-05-19T18:01:40+00:00
623,500,0,170.0,https://koios.tosidrop.me/api/v1/epoch_params,2026-05-19T18:01:40+00:00
624,500,0,170.0,https://koios.tosidrop.me/api/v1/epoch_params,2026-05-19T18:01:40+00:00
625,500,0,170.0,https://koios.tosidrop.me/api/v1/epoch_params,2026-05-19T18:01:40+00:00
626,500,0,170.0,https://koios.tosidrop.me/api/v1/epoch_params,2026-05-19T18:01:40+00:00
627,500,0,170.0,https://koios.tosidrop.me/api/v1/epoch_params,2026-05-19T18:01:40+00:00
628,500,0,170.0,https://koios.tosidrop.me/api/v1/epoch_params,2026-05-19T18:01:40+00:00
629,500,0,170.0,https://koios.tosidrop.me/api/v1/epoch_params,2026-05-19T18:01:40+00:00
630,500,0,170.0,https://koios.tosidrop.me/api/v1/epoch_params,2026-05-19T18:01:40+00:00
631,500,0,170.0,https://koios.tosidrop.me/api/v1/epoch_params,2026-05-19T18:01:40+00:00
