epoch,start_time,end_time,optimal_pool_count,circulation_lovelace,source,generated_at
210,1596923091,1597355091,150,31427038405450971,https://koios.tosidrop.me/api/v1/epoch_info;https://koios.tosidrop.me/api/v1/epoch_params;https://koios.tosidrop.me/api/v1/totals,2026-05-19T12:31:54+00:00
211,1597355091,1597787091,150,31539966264042924,https://koios.tosidrop.me/api/v1/epoch_info;https://koios.tosidrop.me/api/v1/epoch_params;https://koios.tosidrop.me/api/v1/totals,2026-05-19T12:31:54+00:00
212,1597787091,1598219091,150,31556964153057144,https://koios.tosidrop.me/api/v1/epoch_info;https://koios.tosidrop.me/api/v1/epoch_params;https://koios.tosidrop.me/api/v1/totals,2026-05-19T12:31:54+00:00
213,1598219091,1598651091,150,31578940375911744,https://koios.tosidrop.me/api/v1/epoch_info;https://koios.tosidrop.me/api/v1/epoch_params;https://koios.tosidrop.me/api/v1/totals,2026-05-19T12:31:54+00:00
214,1598651091,1599083091,150,31599599756081623,https://koios.tosidrop.me/api/v1/epoch_info;https://koios.tosidrop.me/api/v1/epoch_params;https://koios.tosidrop.me/api/v1/totals,2026-05-19T12:31:54+00:00
215,1599083091,1599515091,150,31612774463528795,https://koios.tosidrop.me/api/v1/epoch_info;https://koios.tosidrop.me/api/v1/epoch_params;https://koios.tosidrop.me/api/v1/totals,2026-05-19T12:31:54+00:00
216,1599515091,1599947091,150,31618386634872973,https://koios.tosidrop.me/api/v1/epoch_info;https://koios.tosidrop.me/api/v1/epoch_params;https://koios.tosidrop.me/api/v1/totals,2026-05-19T12:31:54+00:00
217,1599947091,1600379091,150,31623386398075064,https://koios.tosidrop.me/api/v1/epoch_info;https://koios.tosidrop.me/api/v1/epoch_params;https://koios.tosidrop.me/api/v1/totals,2026-05-19T12:31:54+00:00
218,1600379091,1600811091,150,31627219255406326,https://koios.tosidrop.me/api/v1/epoch_info;https://koios.tosidrop.me/api/v1/epoch_params;https://koios.tosidrop.me/api/v1/totals,2026-05-19T12:31:54+00:00
219,1600811091,1601243091,150,31630183215083879,https://koios.tosidrop.me/api/v1/epoch_info;https://koios.tosidrop.me/api/v1/epoch_params;https://koios.tosidrop.me/api/v1/totals,2026-05-19T12:31:54+00:00
220,1601243091,1601675091,150,31632848506081886,https://koios.tosidrop.me/api/v1/epoch_info;https://koios.tosidrop.me/api/v1/epoch_params;https://koios.tosidrop.me/api/v1/totals,2026-05-19T12:31:54+00:00
221,1601675091,1602107091,150,31635508458477371,https://koios.tosidrop.me/api/v1/epoch_info;https://koios.tosidrop.me/api/v1/epoch_params;https://koios.tosidrop.me/api/v1/totals,2026-05-19T12:31:54+00:00
222,1602107091,1602539091,150,31638704635807180,https://koios.tosidrop.me/api/v1/epoch_info;https://koios.tosidrop.me/api/v1/epoch_params;https://koios.tosidrop.me/api/v1/totals,2026-05-19T12:31:54+00:00
223,1602539091,1602971091,150,31643231839089441,https://koios.tosidrop.me/api/v1/epoch_info;https://koios.tosidrop.me/api/v1/epoch_params;https://koios.tosidrop.me/api/v1/totals,2026-05-19T12:31:54+00:00
224,1602971091,1603403091,150,31645683072175046,https://koios.tosidrop.me/api/v1/epoch_info;https://koios.tosidrop.me/api/v1/epoch_params;https://koios.tosidrop.me/api/v1/totals,2026-05-19T12:31:54+00:00
225,1603403091,1603835091,150,31649159822457807,https://koios.tosidrop.me/api/v1/epoch_info;https://koios.tosidrop.me/api/v1/epoch_params;https://koios.tosidrop.me/api/v1/totals,2026-05-19T12:31:54+00:00
226,1603835091,1604267091,150,31686947704577447,https://koios.tosidrop.me/api/v1/epoch_info;https://koios.tosidrop.me/api/v1/epoch_params;https://koios.tosidrop.me/api/v1/totals,2026-05-19T12:31:54+00:00
227,1604267091,1604699091,150,31690281489452333,https://koios.tosidrop.me/api/v1/epoch_info;https://koios.tosidrop.me/api/v1/epoch_params;https://koios.tosidrop.me/api/v1/totals,2026-05-19T12:31:54+00:00
228,1604699091,1605131091,150,31693168373016631,https://koios.tosidrop.me/api/v1/epoch_info;https://koios.tosidrop.me/api/v1/epoch_params;https://koios.tosidrop.me/api/v1/totals,2026-05-19T12:31:54+00:00
229,1605131091,1605563091,150,31697652762515540,https://koios.tosidrop.me/api/v1/epoch_info;https://koios.tosidrop.me/api/v1/epoch_params;https://koios.tosidrop.me/api/v1/totals,2026-05-19T12:31:54+00:00
230,1605563091,1605995091,150,31700304312439254,https://koios.tosidrop.me/api/v1/epoch_info;https://koios.tosidrop.me/api/v1/epoch_params;https://koios.tosidrop.me/api/v1/totals,2026-05-19T12:31:54+00:00
231,1605995091,1606427091,150,31704997390333919,https://koios.tosidrop.me/api/v1/epoch_info;https://koios.tosidrop.me/api/v1/epoch_params;https://koios.tosidrop.me/api/v1/totals,2026-05-19T12:31:54+00:00
232,1606427091,1606859091,150,31713139770800358,https://koios.tosidrop.me/api/v1/epoch_info;https://koios.tosidrop.me/api/v1/epoch_params;https://koios.tosidrop.me/api/v1/totals,2026-05-19T12:31:54+00:00
233,1606859091,1607291091,150,31727370177354236,https://koios.tosidrop.me/api/v1/epoch_info;https://koios.tosidrop.me/api/v1/epoch_params;https://koios.tosidrop.me/api/v1/totals,2026-05-19T12:31:54+00:00
234,1607291091,1607723091,500,31739256932742600,https://koios.tosidrop.me/api/v1/epoch_info;https://koios.tosidrop.me/api/v1/epoch_params;https://koios.tosidrop.me/api/v1/totals,2026-05-19T12:31:54+00:00
235,1607723091,1608155091,500,31767870175918315,https://koios.tosidrop.me/api/v1/epoch_info;https://koios.tosidrop.me/api/v1/epoch_params;https://koios.tosidrop.me/api/v1/totals,2026-05-19T12:31:54+00:00
236,1608155091,1608587091,500,31461432543838109,https://koios.tosidrop.me/api/v1/epoch_info;https://koios.tosidrop.me/api/v1/epoch_params;https://koios.tosidrop.me/api/v1/totals,2026-05-19T12:31:54+00:00
237,1608587091,1609019091,500,31465901346220928,https://koios.tosidrop.me/api/v1/epoch_info;https://koios.tosidrop.me/api/v1/epoch_params;https://koios.tosidrop.me/api/v1/totals,2026-05-19T12:31:54+00:00
238,1609019091,1609451091,500,31482519231625372,https://koios.tosidrop.me/api/v1/epoch_info;https://koios.tosidrop.me/api/v1/epoch_params;https://koios.tosidrop.me/api/v1/totals,2026-05-19T12:31:54+00:00
239,1609451091,1609883091,500,31493208255930256,https://koios.tosidrop.me/api/v1/epoch_info;https://koios.tosidrop.me/api/v1/epoch_params;https://koios.tosidrop.me/api/v1/totals,2026-05-19T12:31:54+00:00
240,1609883091,1610315091,500,31502217300614781,https://koios.tosidrop.me/api/v1/epoch_info;https://koios.tosidrop.me/api/v1/epoch_params;https://koios.tosidrop.me/api/v1/totals,2026-05-19T12:31:54+00:00
241,1610315091,1610747091,500,31517758609836731,https://koios.tosidrop.me/api/v1/epoch_info;https://koios.tosidrop.me/api/v1/epoch_params;https://koios.tosidrop.me/api/v1/totals,2026-05-19T12:31:54+00:00
242,1610747091,1611179091,500,31525316489999635,https://koios.tosidrop.me/api/v1/epoch_info;https://koios.tosidrop.me/api/v1/epoch_params;https://koios.tosidrop.me/api/v1/totals,2026-05-19T12:31:54+00:00
243,1611179091,1611611091,500,31534623877545530,https://koios.tosidrop.me/api/v1/epoch_info;https://koios.tosidrop.me/api/v1/epoch_params;https://koios.tosidrop.me/api/v1/totals,2026-05-19T12:31:54+00:00
244,1611611091,1612043091,500,31540628778085188,https://koios.tosidrop.me/api/v1/epoch_info;https://koios.tosidrop.me/api/v1/epoch_params;https://koios.tosidrop.me/api/v1/totals,2026-05-19T12:31:54+00:00
245,1612043091,1612475091,500,31554431181456119,https://koios.tosidrop.me/api/v1/epoch_info;https://koios.tosidrop.me/api/v1/epoch_params;https://koios.tosidrop.me/api/v1/totals,2026-05-19T12:31:54+00:00
246,1612475091,1612907091,500,31563439010704400,https://koios.tosidrop.me/api/v1/epoch_info;https://koios.tosidrop.me/api/v1/epoch_params;https://koios.tosidrop.me/api/v1/totals,2026-05-19T12:31:54+00:00
247,1612907091,1613339091,500,31574888508747727,https://koios.tosidrop.me/api/v1/epoch_info;https://koios.tosidrop.me/api/v1/epoch_params;https://koios.tosidrop.me/api/v1/totals,2026-05-19T12:31:54+00:00
248,1613339091,1613771091,500,31592654254984197,https://koios.tosidrop.me/api/v1/epoch_info;https://koios.tosidrop.me/api/v1/epoch_params;https://koios.tosidrop.me/api/v1/totals,2026-05-19T12:31:54+00:00
249,1613771091,1614203091,500,31602933412885413,https://koios.tosidrop.me/api/v1/epoch_info;https://koios.tosidrop.me/api/v1/epoch_params;https://koios.tosidrop.me/api/v1/totals,2026-05-19T12:31:54+00:00
250,1614203091,1614635091,500,31617822285490637,https://koios.tosidrop.me/api/v1/epoch_info;https://koios.tosidrop.me/api/v1/epoch_params;https://koios.tosidrop.me/api/v1/totals,2026-05-19T12:31:54+00:00
251,1614635091,1615067091,500,31631163897685934,https://koios.tosidrop.me/api/v1/epoch_info;https://koios.tosidrop.me/api/v1/epoch_params;https://koios.tosidrop.me/api/v1/totals,2026-05-19T12:31:54+00:00
252,1615067091,1615499091,500,31640636356906711,https://koios.tosidrop.me/api/v1/epoch_info;https://koios.tosidrop.me/api/v1/epoch_params;https://koios.tosidrop.me/api/v1/totals,2026-05-19T12:31:54+00:00
253,1615499091,1615931091,500,31649353451366522,https://koios.tosidrop.me/api/v1/epoch_info;https://koios.tosidrop.me/api/v1/epoch_params;https://koios.tosidrop.me/api/v1/totals,2026-05-19T12:31:54+00:00
254,1615931091,1616363091,500,31668786812697733,https://koios.tosidrop.me/api/v1/epoch_info;https://koios.tosidrop.me/api/v1/epoch_params;https://koios.tosidrop.me/api/v1/totals,2026-05-19T12:31:54+00:00
255,1616363091,1616795091,500,31677462379706748,https://koios.tosidrop.me/api/v1/epoch_info;https://koios.tosidrop.me/api/v1/epoch_params;https://koios.tosidrop.me/api/v1/totals,2026-05-19T12:31:54+00:00
256,1616795091,1617227091,500,31683353428327480,https://koios.tosidrop.me/api/v1/epoch_info;https://koios.tosidrop.me/api/v1/epoch_params;https://koios.tosidrop.me/api/v1/totals,2026-05-19T12:31:54+00:00
257,1617227091,1617659091,500,31691929261944983,https://koios.tosidrop.me/api/v1/epoch_info;https://koios.tosidrop.me/api/v1/epoch_params;https://koios.tosidrop.me/api/v1/totals,2026-05-19T12:31:54+00:00
258,1617659091,1618091091,500,31699132694103150,https://koios.tosidrop.me/api/v1/epoch_info;https://koios.tosidrop.me/api/v1/epoch_params;https://koios.tosidrop.me/api/v1/totals,2026-05-19T12:31:54+00:00
259,1618091091,1618523091,500,31706291030556906,https://koios.tosidrop.me/api/v1/epoch_info;https://koios.tosidrop.me/api/v1/epoch_params;https://koios.tosidrop.me/api/v1/totals,2026-05-19T12:31:54+00:00
260,1618523091,1618955091,500,31717532013429028,https://koios.tosidrop.me/api/v1/epoch_info;https://koios.tosidrop.me/api/v1/epoch_params;https://koios.tosidrop.me/api/v1/totals,2026-05-19T12:31:54+00:00
261,1618955091,1619387091,500,31724617701282376,https://koios.tosidrop.me/api/v1/epoch_info;https://koios.tosidrop.me/api/v1/epoch_params;https://koios.tosidrop.me/api/v1/totals,2026-05-19T12:31:54+00:00
262,1619387091,1619819091,500,31729889179826256,https://koios.tosidrop.me/api/v1/epoch_info;https://koios.tosidrop.me/api/v1/epoch_params;https://koios.tosidrop.me/api/v1/totals,2026-05-19T12:31:54+00:00
263,1619819091,1620251091,500,31738198714623483,https://koios.tosidrop.me/api/v1/epoch_info;https://koios.tosidrop.me/api/v1/epoch_params;https://koios.tosidrop.me/api/v1/totals,2026-05-19T12:31:54+00:00
264,1620251091,1620683091,500,31744108687951515,https://koios.tosidrop.me/api/v1/epoch_info;https://koios.tosidrop.me/api/v1/epoch_params;https://koios.tosidrop.me/api/v1/totals,2026-05-19T12:31:54+00:00
265,1620683091,1621115091,500,31757623627259552,https://koios.tosidrop.me/api/v1/epoch_info;https://koios.tosidrop.me/api/v1/epoch_params;https://koios.tosidrop.me/api/v1/totals,2026-05-19T12:31:54+00:00
266,1621115091,1621547091,500,31781565846818725,https://koios.tosidrop.me/api/v1/epoch_info;https://koios.tosidrop.me/api/v1/epoch_params;https://koios.tosidrop.me/api/v1/totals,2026-05-19T12:31:54+00:00
267,1621547091,1621979091,500,31792309288747596,https://koios.tosidrop.me/api/v1/epoch_info;https://koios.tosidrop.me/api/v1/epoch_params;https://koios.tosidrop.me/api/v1/totals,2026-05-19T12:31:54+00:00
268,1621979091,1622411091,500,31801995103340125,https://koios.tosidrop.me/api/v1/epoch_info;https://koios.tosidrop.me/api/v1/epoch_params;https://koios.tosidrop.me/api/v1/totals,2026-05-19T12:31:54+00:00
269,1622411091,1622843091,500,31811284167858547,https://koios.tosidrop.me/api/v1/epoch_info;https://koios.tosidrop.me/api/v1/epoch_params;https://koios.tosidrop.me/api/v1/totals,2026-05-19T12:31:54+00:00
270,1622843091,1623275091,500,31820879266630190,https://koios.tosidrop.me/api/v1/epoch_info;https://koios.tosidrop.me/api/v1/epoch_params;https://koios.tosidrop.me/api/v1/totals,2026-05-19T12:31:54+00:00
271,1623275091,1623707091,500,31828268077676599,https://koios.tosidrop.me/api/v1/epoch_info;https://koios.tosidrop.me/api/v1/epoch_params;https://koios.tosidrop.me/api/v1/totals,2026-05-19T12:31:54+00:00
272,1623707091,1624139091,500,31834612441637934,https://koios.tosidrop.me/api/v1/epoch_info;https://koios.tosidrop.me/api/v1/epoch_params;https://koios.tosidrop.me/api/v1/totals,2026-05-19T12:31:54+00:00
273,1624139091,1624571091,500,31839445638804325,https://koios.tosidrop.me/api/v1/epoch_info;https://koios.tosidrop.me/api/v1/epoch_params;https://koios.tosidrop.me/api/v1/totals,2026-05-19T12:31:54+00:00
274,1624571091,1625003091,500,31861992306530435,https://koios.tosidrop.me/api/v1/epoch_info;https://koios.tosidrop.me/api/v1/epoch_params;https://koios.tosidrop.me/api/v1/totals,2026-05-19T12:31:54+00:00
275,1625003091,1625435091,500,31867912617438822,https://koios.tosidrop.me/api/v1/epoch_info;https://koios.tosidrop.me/api/v1/epoch_params;https://koios.tosidrop.me/api/v1/totals,2026-05-19T12:31:54+00:00
276,1625435091,1625867091,500,31880547303984234,https://koios.tosidrop.me/api/v1/epoch_info;https://koios.tosidrop.me/api/v1/epoch_params;https://koios.tosidrop.me/api/v1/totals,2026-05-19T12:31:54+00:00
277,1625867091,1626299091,500,31888968903887947,https://koios.tosidrop.me/api/v1/epoch_info;https://koios.tosidrop.me/api/v1/epoch_params;https://koios.tosidrop.me/api/v1/totals,2026-05-19T12:31:54+00:00
278,1626299091,1626731091,500,31904072523812193,https://koios.tosidrop.me/api/v1/epoch_info;https://koios.tosidrop.me/api/v1/epoch_params;https://koios.tosidrop.me/api/v1/totals,2026-05-19T12:31:54+00:00
279,1626731091,1627163091,500,31913279231815416,https://koios.tosidrop.me/api/v1/epoch_info;https://koios.tosidrop.me/api/v1/epoch_params;https://koios.tosidrop.me/api/v1/totals,2026-05-19T12:31:54+00:00
280,1627163091,1627595091,500,31924159313781213,https://koios.tosidrop.me/api/v1/epoch_info;https://koios.tosidrop.me/api/v1/epoch_params;https://koios.tosidrop.me/api/v1/totals,2026-05-19T12:31:54+00:00
281,1627595091,1628027091,500,31932848624793595,https://koios.tosidrop.me/api/v1/epoch_info;https://koios.tosidrop.me/api/v1/epoch_params;https://koios.tosidrop.me/api/v1/totals,2026-05-19T12:31:54+00:00
282,1628027091,1628459091,500,31942238456558944,https://koios.tosidrop.me/api/v1/epoch_info;https://koios.tosidrop.me/api/v1/epoch_params;https://koios.tosidrop.me/api/v1/totals,2026-05-19T12:31:54+00:00
283,1628459091,1628891091,500,31952349092464954,https://koios.tosidrop.me/api/v1/epoch_info;https://koios.tosidrop.me/api/v1/epoch_params;https://koios.tosidrop.me/api/v1/totals,2026-05-19T12:31:54+00:00
284,1628891091,1629323091,500,31967363547858851,https://koios.tosidrop.me/api/v1/epoch_info;https://koios.tosidrop.me/api/v1/epoch_params;https://koios.tosidrop.me/api/v1/totals,2026-05-19T12:31:54+00:00
285,1629323091,1629755091,500,31980647658924759,https://koios.tosidrop.me/api/v1/epoch_info;https://koios.tosidrop.me/api/v1/epoch_params;https://koios.tosidrop.me/api/v1/totals,2026-05-19T12:31:54+00:00
286,1629755091,1630187091,500,31993740078301897,https://koios.tosidrop.me/api/v1/epoch_info;https://koios.tosidrop.me/api/v1/epoch_params;https://koios.tosidrop.me/api/v1/totals,2026-05-19T12:31:54+00:00
287,1630187091,1630619091,500,32004737520411539,https://koios.tosidrop.me/api/v1/epoch_info;https://koios.tosidrop.me/api/v1/epoch_params;https://koios.tosidrop.me/api/v1/totals,2026-05-19T12:31:54+00:00
288,1630619091,1631051091,500,32022916175235567,https://koios.tosidrop.me/api/v1/epoch_info;https://koios.tosidrop.me/api/v1/epoch_params;https://koios.tosidrop.me/api/v1/totals,2026-05-19T12:31:54+00:00
289,1631051091,1631483091,500,32032565537426451,https://koios.tosidrop.me/api/v1/epoch_info;https://koios.tosidrop.me/api/v1/epoch_params;https://koios.tosidrop.me/api/v1/totals,2026-05-19T12:31:54+00:00
290,1631483091,1631915091,500,32040161506419571,https://koios.tosidrop.me/api/v1/epoch_info;https://koios.tosidrop.me/api/v1/epoch_params;https://koios.tosidrop.me/api/v1/totals,2026-05-19T12:31:54+00:00
291,1631915091,1632347091,500,32052486634262243,https://koios.tosidrop.me/api/v1/epoch_info;https://koios.tosidrop.me/api/v1/epoch_params;https://koios.tosidrop.me/api/v1/totals,2026-05-19T12:31:54+00:00
292,1632347091,1632779091,500,32059581576137843,https://koios.tosidrop.me/api/v1/epoch_info;https://koios.tosidrop.me/api/v1/epoch_params;https://koios.tosidrop.me/api/v1/totals,2026-05-19T12:31:54+00:00
293,1632779091,1633211091,500,32071955171537486,https://koios.tosidrop.me/api/v1/epoch_info;https://koios.tosidrop.me/api/v1/epoch_params;https://koios.tosidrop.me/api/v1/totals,2026-05-19T12:31:54+00:00
294,1633211091,1633643091,500,32081169476222408,https://koios.tosidrop.me/api/v1/epoch_info;https://koios.tosidrop.me/api/v1/epoch_params;https://koios.tosidrop.me/api/v1/totals,2026-05-19T12:31:54+00:00
295,1633643091,1634075091,500,32092240169107272,https://koios.tosidrop.me/api/v1/epoch_info;https://koios.tosidrop.me/api/v1/epoch_params;https://koios.tosidrop.me/api/v1/totals,2026-05-19T12:31:54+00:00
296,1634075091,1634507091,500,32099476313461364,https://koios.tosidrop.me/api/v1/epoch_info;https://koios.tosidrop.me/api/v1/epoch_params;https://koios.tosidrop.me/api/v1/totals,2026-05-19T12:31:54+00:00
297,1634507091,1634939091,500,32109362856255445,https://koios.tosidrop.me/api/v1/epoch_info;https://koios.tosidrop.me/api/v1/epoch_params;https://koios.tosidrop.me/api/v1/totals,2026-05-19T12:31:54+00:00
298,1634939091,1635371091,500,32116786911233328,https://koios.tosidrop.me/api/v1/epoch_info;https://koios.tosidrop.me/api/v1/epoch_params;https://koios.tosidrop.me/api/v1/totals,2026-05-19T12:31:54+00:00
299,1635371091,1635803091,500,32124291439414792,https://koios.tosidrop.me/api/v1/epoch_info;https://koios.tosidrop.me/api/v1/epoch_params;https://koios.tosidrop.me/api/v1/totals,2026-05-19T12:31:54+00:00
300,1635803091,1636235091,500,32453404576940498,https://koios.tosidrop.me/api/v1/epoch_info;https://koios.tosidrop.me/api/v1/epoch_params;https://koios.tosidrop.me/api/v1/totals,2026-05-19T12:31:54+00:00
301,1636235091,1636667091,500,32459090459736224,https://koios.tosidrop.me/api/v1/epoch_info;https://koios.tosidrop.me/api/v1/epoch_params;https://koios.tosidrop.me/api/v1/totals,2026-05-19T12:31:54+00:00
302,1636667091,1637099091,500,32472031367061130,https://koios.tosidrop.me/api/v1/epoch_info;https://koios.tosidrop.me/api/v1/epoch_params;https://koios.tosidrop.me/api/v1/totals,2026-05-19T12:31:54+00:00
303,1637099091,1637531091,500,32488129471284809,https://koios.tosidrop.me/api/v1/epoch_info;https://koios.tosidrop.me/api/v1/epoch_params;https://koios.tosidrop.me/api/v1/totals,2026-05-19T12:31:54+00:00
304,1637531091,1637963091,500,32496268001919300,https://koios.tosidrop.me/api/v1/epoch_info;https://koios.tosidrop.me/api/v1/epoch_params;https://koios.tosidrop.me/api/v1/totals,2026-05-19T12:31:54+00:00
305,1637963091,1638395091,500,32509401283239684,https://koios.tosidrop.me/api/v1/epoch_info;https://koios.tosidrop.me/api/v1/epoch_params;https://koios.tosidrop.me/api/v1/totals,2026-05-19T12:31:54+00:00
306,1638395091,1638827091,500,32520899716101619,https://koios.tosidrop.me/api/v1/epoch_info;https://koios.tosidrop.me/api/v1/epoch_params;https://koios.tosidrop.me/api/v1/totals,2026-05-19T12:31:54+00:00
307,1638827091,1639259091,500,32528780025278042,https://koios.tosidrop.me/api/v1/epoch_info;https://koios.tosidrop.me/api/v1/epoch_params;https://koios.tosidrop.me/api/v1/totals,2026-05-19T12:31:54+00:00
308,1639259091,1639691091,500,32538902663187591,https://koios.tosidrop.me/api/v1/epoch_info;https://koios.tosidrop.me/api/v1/epoch_params;https://koios.tosidrop.me/api/v1/totals,2026-05-19T12:31:54+00:00
309,1639691091,1640123091,500,32549773970345357,https://koios.tosidrop.me/api/v1/epoch_info;https://koios.tosidrop.me/api/v1/epoch_params;https://koios.tosidrop.me/api/v1/totals,2026-05-19T12:31:54+00:00
310,1640123091,1640555091,500,32561299999240069,https://koios.tosidrop.me/api/v1/epoch_info;https://koios.tosidrop.me/api/v1/epoch_params;https://koios.tosidrop.me/api/v1/totals,2026-05-19T12:31:54+00:00
311,1640555091,1640987091,500,32570532887873216,https://koios.tosidrop.me/api/v1/epoch_info;https://koios.tosidrop.me/api/v1/epoch_params;https://koios.tosidrop.me/api/v1/totals,2026-05-19T12:31:54+00:00
312,1640987091,1641419091,500,32590321104585069,https://koios.tosidrop.me/api/v1/epoch_info;https://koios.tosidrop.me/api/v1/epoch_params;https://koios.tosidrop.me/api/v1/totals,2026-05-19T12:31:54+00:00
313,1641419091,1641851091,500,32601567115275256,https://koios.tosidrop.me/api/v1/epoch_info;https://koios.tosidrop.me/api/v1/epoch_params;https://koios.tosidrop.me/api/v1/totals,2026-05-19T12:31:54+00:00
314,1641851091,1642283091,500,32616900037333978,https://koios.tosidrop.me/api/v1/epoch_info;https://koios.tosidrop.me/api/v1/epoch_params;https://koios.tosidrop.me/api/v1/totals,2026-05-19T12:31:54+00:00
315,1642283091,1642715091,500,32642139577093760,https://koios.tosidrop.me/api/v1/epoch_info;https://koios.tosidrop.me/api/v1/epoch_params;https://koios.tosidrop.me/api/v1/totals,2026-05-19T12:31:54+00:00
316,1642715091,1643147091,500,32657820788799533,https://koios.tosidrop.me/api/v1/epoch_info;https://koios.tosidrop.me/api/v1/epoch_params;https://koios.tosidrop.me/api/v1/totals,2026-05-19T12:31:54+00:00
317,1643147091,1643579091,500,32672588710054451,https://koios.tosidrop.me/api/v1/epoch_info;https://koios.tosidrop.me/api/v1/epoch_params;https://koios.tosidrop.me/api/v1/totals,2026-05-19T12:31:54+00:00
318,1643579091,1644011091,500,32681602193624646,https://koios.tosidrop.me/api/v1/epoch_info;https://koios.tosidrop.me/api/v1/epoch_params;https://koios.tosidrop.me/api/v1/totals,2026-05-19T12:31:54+00:00
319,1644011091,1644443091,500,32689654871836478,https://koios.tosidrop.me/api/v1/epoch_info;https://koios.tosidrop.me/api/v1/epoch_params;https://koios.tosidrop.me/api/v1/totals,2026-05-19T12:31:54+00:00
320,1644443091,1644875091,500,32696853358637129,https://koios.tosidrop.me/api/v1/epoch_info;https://koios.tosidrop.me/api/v1/epoch_params;https://koios.tosidrop.me/api/v1/totals,2026-05-19T12:31:54+00:00
321,1644875091,1645307091,500,32704874454434833,https://koios.tosidrop.me/api/v1/epoch_info;https://koios.tosidrop.me/api/v1/epoch_params;https://koios.tosidrop.me/api/v1/totals,2026-05-19T12:31:54+00:00
322,1645307091,1645739091,500,32716201634562781,https://koios.tosidrop.me/api/v1/epoch_info;https://koios.tosidrop.me/api/v1/epoch_params;https://koios.tosidrop.me/api/v1/totals,2026-05-19T12:31:54+00:00
323,1645739091,1646171091,500,32724392239827130,https://koios.tosidrop.me/api/v1/epoch_info;https://koios.tosidrop.me/api/v1/epoch_params;https://koios.tosidrop.me/api/v1/totals,2026-05-19T12:31:54+00:00
324,1646171091,1646603091,500,32731876011176488,https://koios.tosidrop.me/api/v1/epoch_info;https://koios.tosidrop.me/api/v1/epoch_params;https://koios.tosidrop.me/api/v1/totals,2026-05-19T12:31:54+00:00
325,1646603091,1647035091,500,32759281322025844,https://koios.tosidrop.me/api/v1/epoch_info;https://koios.tosidrop.me/api/v1/epoch_params;https://koios.tosidrop.me/api/v1/totals,2026-05-19T12:31:54+00:00
326,1647035091,1647467091,500,32768450205518457,https://koios.tosidrop.me/api/v1/epoch_info;https://koios.tosidrop.me/api/v1/epoch_params;https://koios.tosidrop.me/api/v1/totals,2026-05-19T12:31:54+00:00
327,1647467091,1647899091,500,32780739088941136,https://koios.tosidrop.me/api/v1/epoch_info;https://koios.tosidrop.me/api/v1/epoch_params;https://koios.tosidrop.me/api/v1/totals,2026-05-19T12:31:54+00:00
328,1647899091,1648331091,500,32785792975348335,https://koios.tosidrop.me/api/v1/epoch_info;https://koios.tosidrop.me/api/v1/epoch_params;https://koios.tosidrop.me/api/v1/totals,2026-05-19T12:31:54+00:00
329,1648331091,1648763091,500,32796014502241801,https://koios.tosidrop.me/api/v1/epoch_info;https://koios.tosidrop.me/api/v1/epoch_params;https://koios.tosidrop.me/api/v1/totals,2026-05-19T12:31:54+00:00
330,1648763091,1649195091,500,32804235595392307,https://koios.tosidrop.me/api/v1/epoch_info;https://koios.tosidrop.me/api/v1/epoch_params;https://koios.tosidrop.me/api/v1/totals,2026-05-19T12:31:54+00:00
331,1649195091,1649627091,500,32812593237680692,https://koios.tosidrop.me/api/v1/epoch_info;https://koios.tosidrop.me/api/v1/epoch_params;https://koios.tosidrop.me/api/v1/totals,2026-05-19T12:31:54+00:00
332,1649627091,1650059091,500,32827704099081302,https://koios.tosidrop.me/api/v1/epoch_info;https://koios.tosidrop.me/api/v1/epoch_params;https://koios.tosidrop.me/api/v1/totals,2026-05-19T12:31:54+00:00
333,1650059091,1650491091,500,32837574562549516,https://koios.tosidrop.me/api/v1/epoch_info;https://koios.tosidrop.me/api/v1/epoch_params;https://koios.tosidrop.me/api/v1/totals,2026-05-19T12:31:54+00:00
334,1650491091,1650923091,500,32844755848985308,https://koios.tosidrop.me/api/v1/epoch_info;https://koios.tosidrop.me/api/v1/epoch_params;https://koios.tosidrop.me/api/v1/totals,2026-05-19T12:31:54+00:00
335,1650923091,1651355091,500,32851166289141579,https://koios.tosidrop.me/api/v1/epoch_info;https://koios.tosidrop.me/api/v1/epoch_params;https://koios.tosidrop.me/api/v1/totals,2026-05-19T12:31:54+00:00
336,1651355091,1651787091,500,32859998950871315,https://koios.tosidrop.me/api/v1/epoch_info;https://koios.tosidrop.me/api/v1/epoch_params;https://koios.tosidrop.me/api/v1/totals,2026-05-19T12:31:54+00:00
337,1651787091,1652219091,500,33029849139877684,https://koios.tosidrop.me/api/v1/epoch_info;https://koios.tosidrop.me/api/v1/epoch_params;https://koios.tosidrop.me/api/v1/totals,2026-05-19T12:31:54+00:00
338,1652219091,1652651091,500,33036876403214478,https://koios.tosidrop.me/api/v1/epoch_info;https://koios.tosidrop.me/api/v1/epoch_params;https://koios.tosidrop.me/api/v1/totals,2026-05-19T12:31:54+00:00
339,1652651091,1653083091,500,33049183983459762,https://koios.tosidrop.me/api/v1/epoch_info;https://koios.tosidrop.me/api/v1/epoch_params;https://koios.tosidrop.me/api/v1/totals,2026-05-19T12:31:54+00:00
340,1653083091,1653515091,500,33057322845997466,https://koios.tosidrop.me/api/v1/epoch_info;https://koios.tosidrop.me/api/v1/epoch_params;https://koios.tosidrop.me/api/v1/totals,2026-05-19T12:31:54+00:00
341,1653515091,1653947091,500,33064119556618594,https://koios.tosidrop.me/api/v1/epoch_info;https://koios.tosidrop.me/api/v1/epoch_params;https://koios.tosidrop.me/api/v1/totals,2026-05-19T12:31:54+00:00
342,1653947091,1654379091,500,33071477029117253,https://koios.tosidrop.me/api/v1/epoch_info;https://koios.tosidrop.me/api/v1/epoch_params;https://koios.tosidrop.me/api/v1/totals,2026-05-19T12:31:54+00:00
343,1654379091,1654811091,500,33080410342405149,https://koios.tosidrop.me/api/v1/epoch_info;https://koios.tosidrop.me/api/v1/epoch_params;https://koios.tosidrop.me/api/v1/totals,2026-05-19T12:31:54+00:00
344,1654811091,1655243091,500,33087098160032188,https://koios.tosidrop.me/api/v1/epoch_info;https://koios.tosidrop.me/api/v1/epoch_params;https://koios.tosidrop.me/api/v1/totals,2026-05-19T12:31:54+00:00
345,1655243091,1655675091,500,33123689789929054,https://koios.tosidrop.me/api/v1/epoch_info;https://koios.tosidrop.me/api/v1/epoch_params;https://koios.tosidrop.me/api/v1/totals,2026-05-19T12:31:54+00:00
346,1655675091,1656107091,500,33133875758453299,https://koios.tosidrop.me/api/v1/epoch_info;https://koios.tosidrop.me/api/v1/epoch_params;https://koios.tosidrop.me/api/v1/totals,2026-05-19T12:31:54+00:00
347,1656107091,1656539091,500,33140794655699543,https://koios.tosidrop.me/api/v1/epoch_info;https://koios.tosidrop.me/api/v1/epoch_params;https://koios.tosidrop.me/api/v1/totals,2026-05-19T12:31:54+00:00
348,1656539091,1656971091,500,33147484850058440,https://koios.tosidrop.me/api/v1/epoch_info;https://koios.tosidrop.me/api/v1/epoch_params;https://koios.tosidrop.me/api/v1/totals,2026-05-19T12:31:54+00:00
349,1656971091,1657403091,500,33154441147681908,https://koios.tosidrop.me/api/v1/epoch_info;https://koios.tosidrop.me/api/v1/epoch_params;https://koios.tosidrop.me/api/v1/totals,2026-05-19T12:31:54+00:00
350,1657403091,1657835091,500,33159884972435104,https://koios.tosidrop.me/api/v1/epoch_info;https://koios.tosidrop.me/api/v1/epoch_params;https://koios.tosidrop.me/api/v1/totals,2026-05-19T12:31:54+00:00
351,1657835091,1658267091,500,33172428054798808,https://koios.tosidrop.me/api/v1/epoch_info;https://koios.tosidrop.me/api/v1/epoch_params;https://koios.tosidrop.me/api/v1/totals,2026-05-19T12:31:54+00:00
352,1658267091,1658699091,500,33179737022473358,https://koios.tosidrop.me/api/v1/epoch_info;https://koios.tosidrop.me/api/v1/epoch_params;https://koios.tosidrop.me/api/v1/totals,2026-05-19T12:31:54+00:00
353,1658699091,1659131091,500,33185128017540923,https://koios.tosidrop.me/api/v1/epoch_info;https://koios.tosidrop.me/api/v1/epoch_params;https://koios.tosidrop.me/api/v1/totals,2026-05-19T12:31:54+00:00
354,1659131091,1659563091,500,33192389381696623,https://koios.tosidrop.me/api/v1/epoch_info;https://koios.tosidrop.me/api/v1/epoch_params;https://koios.tosidrop.me/api/v1/totals,2026-05-19T12:31:54+00:00
355,1659563091,1659995091,500,33203028574401872,https://koios.tosidrop.me/api/v1/epoch_info;https://koios.tosidrop.me/api/v1/epoch_params;https://koios.tosidrop.me/api/v1/totals,2026-05-19T12:31:54+00:00
356,1659995091,1660427091,500,33208223860441128,https://koios.tosidrop.me/api/v1/epoch_info;https://koios.tosidrop.me/api/v1/epoch_params;https://koios.tosidrop.me/api/v1/totals,2026-05-19T12:31:54+00:00
357,1660427091,1660859091,500,33215004893769643,https://koios.tosidrop.me/api/v1/epoch_info;https://koios.tosidrop.me/api/v1/epoch_params;https://koios.tosidrop.me/api/v1/totals,2026-05-19T12:31:54+00:00
358,1660859091,1661291091,500,33225269669349986,https://koios.tosidrop.me/api/v1/epoch_info;https://koios.tosidrop.me/api/v1/epoch_params;https://koios.tosidrop.me/api/v1/totals,2026-05-19T12:31:54+00:00
359,1661291091,1661723091,500,33230273473072343,https://koios.tosidrop.me/api/v1/epoch_info;https://koios.tosidrop.me/api/v1/epoch_params;https://koios.tosidrop.me/api/v1/totals,2026-05-19T12:31:54+00:00
360,1661723091,1662155091,500,33245976003772544,https://koios.tosidrop.me/api/v1/epoch_info;https://koios.tosidrop.me/api/v1/epoch_params;https://koios.tosidrop.me/api/v1/totals,2026-05-19T12:31:54+00:00
361,1662155091,1662587091,500,33258487979337955,https://koios.tosidrop.me/api/v1/epoch_info;https://koios.tosidrop.me/api/v1/epoch_params;https://koios.tosidrop.me/api/v1/totals,2026-05-19T12:31:54+00:00
362,1662587091,1663019091,500,33263558832387151,https://koios.tosidrop.me/api/v1/epoch_info;https://koios.tosidrop.me/api/v1/epoch_params;https://koios.tosidrop.me/api/v1/totals,2026-05-19T12:31:54+00:00
363,1663019091,1663451091,500,33279886966613503,https://koios.tosidrop.me/api/v1/epoch_info;https://koios.tosidrop.me/api/v1/epoch_params;https://koios.tosidrop.me/api/v1/totals,2026-05-19T12:31:54+00:00
364,1663451091,1663883091,500,33287545787967832,https://koios.tosidrop.me/api/v1/epoch_info;https://koios.tosidrop.me/api/v1/epoch_params;https://koios.tosidrop.me/api/v1/totals,2026-05-19T12:31:54+00:00
365,1663883091,1664315091,500,33295446299555708,https://koios.tosidrop.me/api/v1/epoch_info;https://koios.tosidrop.me/api/v1/epoch_params;https://koios.tosidrop.me/api/v1/totals,2026-05-19T12:31:54+00:00
366,1664315091,1664747091,500,33300894343365012,https://koios.tosidrop.me/api/v1/epoch_info;https://koios.tosidrop.me/api/v1/epoch_params;https://koios.tosidrop.me/api/v1/totals,2026-05-19T12:31:54+00:00
367,1664747091,1665179091,500,33309449336251819,https://koios.tosidrop.me/api/v1/epoch_info;https://koios.tosidrop.me/api/v1/epoch_params;https://koios.tosidrop.me/api/v1/totals,2026-05-19T12:31:54+00:00
368,1665179091,1665611091,500,33315124311811680,https://koios.tosidrop.me/api/v1/epoch_info;https://koios.tosidrop.me/api/v1/epoch_params;https://koios.tosidrop.me/api/v1/totals,2026-05-19T12:31:54+00:00
369,1665611091,1666043091,500,33322864493675894,https://koios.tosidrop.me/api/v1/epoch_info;https://koios.tosidrop.me/api/v1/epoch_params;https://koios.tosidrop.me/api/v1/totals,2026-05-19T12:31:54+00:00
370,1666043091,1666475091,500,33374750285617657,https://koios.tosidrop.me/api/v1/epoch_info;https://koios.tosidrop.me/api/v1/epoch_params;https://koios.tosidrop.me/api/v1/totals,2026-05-19T12:31:54+00:00
371,1666475091,1666907091,500,33384258032629075,https://koios.tosidrop.me/api/v1/epoch_info;https://koios.tosidrop.me/api/v1/epoch_params;https://koios.tosidrop.me/api/v1/totals,2026-05-19T12:31:54+00:00
372,1666907091,1667339091,500,33393802525615785,https://koios.tosidrop.me/api/v1/epoch_info;https://koios.tosidrop.me/api/v1/epoch_params;https://koios.tosidrop.me/api/v1/totals,2026-05-19T12:31:54+00:00
373,1667339091,1667771091,500,33400935216834372,https://koios.tosidrop.me/api/v1/epoch_info;https://koios.tosidrop.me/api/v1/epoch_params;https://koios.tosidrop.me/api/v1/totals,2026-05-19T12:31:54+00:00
374,1667771091,1668203091,500,33406278152949967,https://koios.tosidrop.me/api/v1/epoch_info;https://koios.tosidrop.me/api/v1/epoch_params;https://koios.tosidrop.me/api/v1/totals,2026-05-19T12:31:54+00:00
375,1668203091,1668635091,500,33419510489045019,https://koios.tosidrop.me/api/v1/epoch_info;https://koios.tosidrop.me/api/v1/epoch_params;https://koios.tosidrop.me/api/v1/totals,2026-05-19T12:31:54+00:00
376,1668635091,1669067091,500,33466554151945907,https://koios.tosidrop.me/api/v1/epoch_info;https://koios.tosidrop.me/api/v1/epoch_params;https://koios.tosidrop.me/api/v1/totals,2026-05-19T12:31:54+00:00
377,1669067091,1669499091,500,33474087547520017,https://koios.tosidrop.me/api/v1/epoch_info;https://koios.tosidrop.me/api/v1/epoch_params;https://koios.tosidrop.me/api/v1/totals,2026-05-19T12:31:54+00:00
378,1669499091,1669931091,500,33487372087377590,https://koios.tosidrop.me/api/v1/epoch_info;https://koios.tosidrop.me/api/v1/epoch_params;https://koios.tosidrop.me/api/v1/totals,2026-05-19T12:31:54+00:00
379,1669931091,1670363091,500,33496379749101994,https://koios.tosidrop.me/api/v1/epoch_info;https://koios.tosidrop.me/api/v1/epoch_params;https://koios.tosidrop.me/api/v1/totals,2026-05-19T12:31:54+00:00
380,1670363091,1670795091,500,33505907717061874,https://koios.tosidrop.me/api/v1/epoch_info;https://koios.tosidrop.me/api/v1/epoch_params;https://koios.tosidrop.me/api/v1/totals,2026-05-19T12:31:54+00:00
381,1670795091,1671227091,500,33512218654140727,https://koios.tosidrop.me/api/v1/epoch_info;https://koios.tosidrop.me/api/v1/epoch_params;https://koios.tosidrop.me/api/v1/totals,2026-05-19T12:31:54+00:00
382,1671227091,1671659091,500,33523449865417497,https://koios.tosidrop.me/api/v1/epoch_info;https://koios.tosidrop.me/api/v1/epoch_params;https://koios.tosidrop.me/api/v1/totals,2026-05-19T12:31:54+00:00
383,1671659091,1672091091,500,33529795332299442,https://koios.tosidrop.me/api/v1/epoch_info;https://koios.tosidrop.me/api/v1/epoch_params;https://koios.tosidrop.me/api/v1/totals,2026-05-19T12:31:54+00:00
384,1672091091,1672523091,500,33536184114140786,https://koios.tosidrop.me/api/v1/epoch_info;https://koios.tosidrop.me/api/v1/epoch_params;https://koios.tosidrop.me/api/v1/totals,2026-05-19T12:31:54+00:00
385,1672523091,1672955091,500,33551411252233746,https://koios.tosidrop.me/api/v1/epoch_info;https://koios.tosidrop.me/api/v1/epoch_params;https://koios.tosidrop.me/api/v1/totals,2026-05-19T12:31:54+00:00
386,1672955091,1673387091,500,33560555952474531,https://koios.tosidrop.me/api/v1/epoch_info;https://koios.tosidrop.me/api/v1/epoch_params;https://koios.tosidrop.me/api/v1/totals,2026-05-19T12:31:54+00:00
387,1673387091,1673819091,500,33570418157822016,https://koios.tosidrop.me/api/v1/epoch_info;https://koios.tosidrop.me/api/v1/epoch_params;https://koios.tosidrop.me/api/v1/totals,2026-05-19T12:31:54+00:00
388,1673819091,1674251091,500,33584688782930504,https://koios.tosidrop.me/api/v1/epoch_info;https://koios.tosidrop.me/api/v1/epoch_params;https://koios.tosidrop.me/api/v1/totals,2026-05-19T12:31:54+00:00
389,1674251091,1674683091,500,33592014077457498,https://koios.tosidrop.me/api/v1/epoch_info;https://koios.tosidrop.me/api/v1/epoch_params;https://koios.tosidrop.me/api/v1/totals,2026-05-19T12:31:54+00:00
390,1674683091,1675115091,500,33599254785187046,https://koios.tosidrop.me/api/v1/epoch_info;https://koios.tosidrop.me/api/v1/epoch_params;https://koios.tosidrop.me/api/v1/totals,2026-05-19T12:31:54+00:00
391,1675115091,1675547091,500,33606499679542485,https://koios.tosidrop.me/api/v1/epoch_info;https://koios.tosidrop.me/api/v1/epoch_params;https://koios.tosidrop.me/api/v1/totals,2026-05-19T12:31:54+00:00
392,1675547091,1675979091,500,33618527325407058,https://koios.tosidrop.me/api/v1/epoch_info;https://koios.tosidrop.me/api/v1/epoch_params;https://koios.tosidrop.me/api/v1/totals,2026-05-19T12:31:54+00:00
393,1675979091,1676411091,500,33627263753977906,https://koios.tosidrop.me/api/v1/epoch_info;https://koios.tosidrop.me/api/v1/epoch_params;https://koios.tosidrop.me/api/v1/totals,2026-05-19T12:31:54+00:00
394,1676411091,1676843091,500,33634301136627138,https://koios.tosidrop.me/api/v1/epoch_info;https://koios.tosidrop.me/api/v1/epoch_params;https://koios.tosidrop.me/api/v1/totals,2026-05-19T12:31:54+00:00
395,1676843091,1677275091,500,33640189711444263,https://koios.tosidrop.me/api/v1/epoch_info;https://koios.tosidrop.me/api/v1/epoch_params;https://koios.tosidrop.me/api/v1/totals,2026-05-19T12:31:54+00:00
396,1677275091,1677707091,500,33647412771989295,https://koios.tosidrop.me/api/v1/epoch_info;https://koios.tosidrop.me/api/v1/epoch_params;https://koios.tosidrop.me/api/v1/totals,2026-05-19T12:31:54+00:00
397,1677707091,1678139091,500,33658215572077947,https://koios.tosidrop.me/api/v1/epoch_info;https://koios.tosidrop.me/api/v1/epoch_params;https://koios.tosidrop.me/api/v1/totals,2026-05-19T12:31:54+00:00
398,1678139091,1678571091,500,33673874155441038,https://koios.tosidrop.me/api/v1/epoch_info;https://koios.tosidrop.me/api/v1/epoch_params;https://koios.tosidrop.me/api/v1/totals,2026-05-19T12:31:54+00:00
399,1678571091,1679003091,500,33682669062516419,https://koios.tosidrop.me/api/v1/epoch_info;https://koios.tosidrop.me/api/v1/epoch_params;https://koios.tosidrop.me/api/v1/totals,2026-05-19T12:31:54+00:00
400,1679003091,1679435091,500,33690158980579934,https://koios.tosidrop.me/api/v1/epoch_info;https://koios.tosidrop.me/api/v1/epoch_params;https://koios.tosidrop.me/api/v1/totals,2026-05-19T12:31:54+00:00
401,1679435091,1679867091,500,33697118996954581,https://koios.tosidrop.me/api/v1/epoch_info;https://koios.tosidrop.me/api/v1/epoch_params;https://koios.tosidrop.me/api/v1/totals,2026-05-19T12:31:54+00:00
402,1679867091,1680299091,500,33703002119574904,https://koios.tosidrop.me/api/v1/epoch_info;https://koios.tosidrop.me/api/v1/epoch_params;https://koios.tosidrop.me/api/v1/totals,2026-05-19T12:31:54+00:00
403,1680299091,1680731091,500,33713843561214350,https://koios.tosidrop.me/api/v1/epoch_info;https://koios.tosidrop.me/api/v1/epoch_params;https://koios.tosidrop.me/api/v1/totals,2026-05-19T12:31:54+00:00
404,1680731091,1681163091,500,33722352281672112,https://koios.tosidrop.me/api/v1/epoch_info;https://koios.tosidrop.me/api/v1/epoch_params;https://koios.tosidrop.me/api/v1/totals,2026-05-19T12:31:54+00:00
405,1681163091,1681595091,500,33733157243754737,https://koios.tosidrop.me/api/v1/epoch_info;https://koios.tosidrop.me/api/v1/epoch_params;https://koios.tosidrop.me/api/v1/totals,2026-05-19T12:31:54+00:00
406,1681595091,1682027091,500,33741381308268176,https://koios.tosidrop.me/api/v1/epoch_info;https://koios.tosidrop.me/api/v1/epoch_params;https://koios.tosidrop.me/api/v1/totals,2026-05-19T12:31:54+00:00
407,1682027091,1682459091,500,33747540893108137,https://koios.tosidrop.me/api/v1/epoch_info;https://koios.tosidrop.me/api/v1/epoch_params;https://koios.tosidrop.me/api/v1/totals,2026-05-19T12:31:54+00:00
408,1682459091,1682891091,500,33755739949175513,https://koios.tosidrop.me/api/v1/epoch_info;https://koios.tosidrop.me/api/v1/epoch_params;https://koios.tosidrop.me/api/v1/totals,2026-05-19T12:31:54+00:00
409,1682891091,1683323091,500,33762192588293198,https://koios.tosidrop.me/api/v1/epoch_info;https://koios.tosidrop.me/api/v1/epoch_params;https://koios.tosidrop.me/api/v1/totals,2026-05-19T12:31:54+00:00
410,1683323091,1683755091,500,33771729943983666,https://koios.tosidrop.me/api/v1/epoch_info;https://koios.tosidrop.me/api/v1/epoch_params;https://koios.tosidrop.me/api/v1/totals,2026-05-19T12:31:54+00:00
411,1683755091,1684187091,500,33777719510186451,https://koios.tosidrop.me/api/v1/epoch_info;https://koios.tosidrop.me/api/v1/epoch_params;https://koios.tosidrop.me/api/v1/totals,2026-05-19T12:31:54+00:00
412,1684187091,1684619091,500,33787356736889162,https://koios.tosidrop.me/api/v1/epoch_info;https://koios.tosidrop.me/api/v1/epoch_params;https://koios.tosidrop.me/api/v1/totals,2026-05-19T12:31:54+00:00
413,1684619091,1685051091,500,33824169984682835,https://koios.tosidrop.me/api/v1/epoch_info;https://koios.tosidrop.me/api/v1/epoch_params;https://koios.tosidrop.me/api/v1/totals,2026-05-19T12:31:54+00:00
414,1685051091,1685483091,500,33835943610173095,https://koios.tosidrop.me/api/v1/epoch_info;https://koios.tosidrop.me/api/v1/epoch_params;https://koios.tosidrop.me/api/v1/totals,2026-05-19T12:31:54+00:00
415,1685483091,1685915091,500,33850180850445830,https://koios.tosidrop.me/api/v1/epoch_info;https://koios.tosidrop.me/api/v1/epoch_params;https://koios.tosidrop.me/api/v1/totals,2026-05-19T12:31:54+00:00
416,1685915091,1686347091,500,33858755658036556,https://koios.tosidrop.me/api/v1/epoch_info;https://koios.tosidrop.me/api/v1/epoch_params;https://koios.tosidrop.me/api/v1/totals,2026-05-19T12:31:54+00:00
417,1686347091,1686779091,500,33869651579547968,https://koios.tosidrop.me/api/v1/epoch_info;https://koios.tosidrop.me/api/v1/epoch_params;https://koios.tosidrop.me/api/v1/totals,2026-05-19T12:31:54+00:00
418,1686779091,1687211091,500,33882308828257569,https://koios.tosidrop.me/api/v1/epoch_info;https://koios.tosidrop.me/api/v1/epoch_params;https://koios.tosidrop.me/api/v1/totals,2026-05-19T12:31:54+00:00
419,1687211091,1687643091,500,33886765663260257,https://koios.tosidrop.me/api/v1/epoch_info;https://koios.tosidrop.me/api/v1/epoch_params;https://koios.tosidrop.me/api/v1/totals,2026-05-19T12:31:54+00:00
420,1687643091,1688075091,500,33897828287845375,https://koios.tosidrop.me/api/v1/epoch_info;https://koios.tosidrop.me/api/v1/epoch_params;https://koios.tosidrop.me/api/v1/totals,2026-05-19T12:31:54+00:00
421,1688075091,1688507091,500,33902564402828984,https://koios.tosidrop.me/api/v1/epoch_info;https://koios.tosidrop.me/api/v1/epoch_params;https://koios.tosidrop.me/api/v1/totals,2026-05-19T12:31:54+00:00
422,1688507091,1688939091,500,33911031122569219,https://koios.tosidrop.me/api/v1/epoch_info;https://koios.tosidrop.me/api/v1/epoch_params;https://koios.tosidrop.me/api/v1/totals,2026-05-19T12:31:54+00:00
423,1688939091,1689371091,500,33915922601875258,https://koios.tosidrop.me/api/v1/epoch_info;https://koios.tosidrop.me/api/v1/epoch_params;https://koios.tosidrop.me/api/v1/totals,2026-05-19T12:31:54+00:00
424,1689371091,1689803091,500,33922399913381200,https://koios.tosidrop.me/api/v1/epoch_info;https://koios.tosidrop.me/api/v1/epoch_params;https://koios.tosidrop.me/api/v1/totals,2026-05-19T12:31:54+00:00
425,1689803091,1690235091,500,33932731394564719,https://koios.tosidrop.me/api/v1/epoch_info;https://koios.tosidrop.me/api/v1/epoch_params;https://koios.tosidrop.me/api/v1/totals,2026-05-19T12:31:54+00:00
426,1690235091,1690667091,500,33957047033464340,https://koios.tosidrop.me/api/v1/epoch_info;https://koios.tosidrop.me/api/v1/epoch_params;https://koios.tosidrop.me/api/v1/totals,2026-05-19T12:31:54+00:00
427,1690667091,1691099091,500,33964147522732010,https://koios.tosidrop.me/api/v1/epoch_info;https://koios.tosidrop.me/api/v1/epoch_params;https://koios.tosidrop.me/api/v1/totals,2026-05-19T12:31:54+00:00
428,1691099091,1691531091,500,33978693689230199,https://koios.tosidrop.me/api/v1/epoch_info;https://koios.tosidrop.me/api/v1/epoch_params;https://koios.tosidrop.me/api/v1/totals,2026-05-19T12:31:54+00:00
429,1691531091,1691963091,500,33999888473456667,https://koios.tosidrop.me/api/v1/epoch_info;https://koios.tosidrop.me/api/v1/epoch_params;https://koios.tosidrop.me/api/v1/totals,2026-05-19T12:31:54+00:00
430,1691963091,1692395091,500,34010452336700104,https://koios.tosidrop.me/api/v1/epoch_info;https://koios.tosidrop.me/api/v1/epoch_params;https://koios.tosidrop.me/api/v1/totals,2026-05-19T12:31:54+00:00
431,1692395091,1692827091,500,34034760485648736,https://koios.tosidrop.me/api/v1/epoch_info;https://koios.tosidrop.me/api/v1/epoch_params;https://koios.tosidrop.me/api/v1/totals,2026-05-19T12:31:54+00:00
432,1692827091,1693259091,500,34040865669079504,https://koios.tosidrop.me/api/v1/epoch_info;https://koios.tosidrop.me/api/v1/epoch_params;https://koios.tosidrop.me/api/v1/totals,2026-05-19T12:31:54+00:00
433,1693259091,1693691091,500,34045487533293680,https://koios.tosidrop.me/api/v1/epoch_info;https://koios.tosidrop.me/api/v1/epoch_params;https://koios.tosidrop.me/api/v1/totals,2026-05-19T12:31:54+00:00
434,1693691091,1694123091,500,34054059823306728,https://koios.tosidrop.me/api/v1/epoch_info;https://koios.tosidrop.me/api/v1/epoch_params;https://koios.tosidrop.me/api/v1/totals,2026-05-19T12:31:54+00:00
435,1694123091,1694555091,500,34058596957671238,https://koios.tosidrop.me/api/v1/epoch_info;https://koios.tosidrop.me/api/v1/epoch_params;https://koios.tosidrop.me/api/v1/totals,2026-05-19T12:31:54+00:00
436,1694555091,1694987091,500,34072813077697104,https://koios.tosidrop.me/api/v1/epoch_info;https://koios.tosidrop.me/api/v1/epoch_params;https://koios.tosidrop.me/api/v1/totals,2026-05-19T12:31:54+00:00
437,1694987091,1695419091,500,34078376518182954,https://koios.tosidrop.me/api/v1/epoch_info;https://koios.tosidrop.me/api/v1/epoch_params;https://koios.tosidrop.me/api/v1/totals,2026-05-19T12:31:54+00:00
438,1695419091,1695851091,500,34083197663906953,https://koios.tosidrop.me/api/v1/epoch_info;https://koios.tosidrop.me/api/v1/epoch_params;https://koios.tosidrop.me/api/v1/totals,2026-05-19T12:31:54+00:00
439,1695851091,1696283091,500,34090129514559568,https://koios.tosidrop.me/api/v1/epoch_info;https://koios.tosidrop.me/api/v1/epoch_params;https://koios.tosidrop.me/api/v1/totals,2026-05-19T12:31:54+00:00
440,1696283091,1696715091,500,34097659293677618,https://koios.tosidrop.me/api/v1/epoch_info;https://koios.tosidrop.me/api/v1/epoch_params;https://koios.tosidrop.me/api/v1/totals,2026-05-19T12:31:54+00:00
441,1696715091,1697147091,500,34159403574608510,https://koios.tosidrop.me/api/v1/epoch_info;https://koios.tosidrop.me/api/v1/epoch_params;https://koios.tosidrop.me/api/v1/totals,2026-05-19T12:31:54+00:00
442,1697147091,1697579091,500,34164085040082744,https://koios.tosidrop.me/api/v1/epoch_info;https://koios.tosidrop.me/api/v1/epoch_params;https://koios.tosidrop.me/api/v1/totals,2026-05-19T12:31:54+00:00
443,1697579091,1698011091,500,34218320790103902,https://koios.tosidrop.me/api/v1/epoch_info;https://koios.tosidrop.me/api/v1/epoch_params;https://koios.tosidrop.me/api/v1/totals,2026-05-19T12:31:54+00:00
444,1698011091,1698443091,500,34223304340599574,https://koios.tosidrop.me/api/v1/epoch_info;https://koios.tosidrop.me/api/v1/epoch_params;https://koios.tosidrop.me/api/v1/totals,2026-05-19T12:31:54+00:00
445,1698443091,1698875091,500,34235272143558732,https://koios.tosidrop.me/api/v1/epoch_info;https://koios.tosidrop.me/api/v1/epoch_params;https://koios.tosidrop.me/api/v1/totals,2026-05-19T12:31:54+00:00
446,1698875091,1699307091,500,34249867357167071,https://koios.tosidrop.me/api/v1/epoch_info;https://koios.tosidrop.me/api/v1/epoch_params;https://koios.tosidrop.me/api/v1/totals,2026-05-19T12:31:54+00:00
447,1699307091,1699739091,500,34266384158476678,https://koios.tosidrop.me/api/v1/epoch_info;https://koios.tosidrop.me/api/v1/epoch_params;https://koios.tosidrop.me/api/v1/totals,2026-05-19T12:31:54+00:00
448,1699739091,1700171091,500,34273550074676470,https://koios.tosidrop.me/api/v1/epoch_info;https://koios.tosidrop.me/api/v1/epoch_params;https://koios.tosidrop.me/api/v1/totals,2026-05-19T12:31:54+00:00
449,1700171091,1700603091,500,34283261806753057,https://koios.tosidrop.me/api/v1/epoch_info;https://koios.tosidrop.me/api/v1/epoch_params;https://koios.tosidrop.me/api/v1/totals,2026-05-19T12:31:54+00:00
450,1700603091,1701035091,500,34289935729502340,https://koios.tosidrop.me/api/v1/epoch_info;https://koios.tosidrop.me/api/v1/epoch_params;https://koios.tosidrop.me/api/v1/totals,2026-05-19T12:31:54+00:00
451,1701035091,1701467091,500,34296909335078653,https://koios.tosidrop.me/api/v1/epoch_info;https://koios.tosidrop.me/api/v1/epoch_params;https://koios.tosidrop.me/api/v1/totals,2026-05-19T12:31:54+00:00
452,1701467091,1701899091,500,34306289847263896,https://koios.tosidrop.me/api/v1/epoch_info;https://koios.tosidrop.me/api/v1/epoch_params;https://koios.tosidrop.me/api/v1/totals,2026-05-19T12:31:54+00:00
453,1701899091,1702331091,500,34313652665578623,https://koios.tosidrop.me/api/v1/epoch_info;https://koios.tosidrop.me/api/v1/epoch_params;https://koios.tosidrop.me/api/v1/totals,2026-05-19T12:31:54+00:00
454,1702331091,1702763091,500,34328509344910226,https://koios.tosidrop.me/api/v1/epoch_info;https://koios.tosidrop.me/api/v1/epoch_params;https://koios.tosidrop.me/api/v1/totals,2026-05-19T12:31:54+00:00
455,1702763091,1703195091,500,34337206255850805,https://koios.tosidrop.me/api/v1/epoch_info;https://koios.tosidrop.me/api/v1/epoch_params;https://koios.tosidrop.me/api/v1/totals,2026-05-19T12:31:54+00:00
456,1703195091,1703627091,500,34346039151594405,https://koios.tosidrop.me/api/v1/epoch_info;https://koios.tosidrop.me/api/v1/epoch_params;https://koios.tosidrop.me/api/v1/totals,2026-05-19T12:31:54+00:00
457,1703627091,1704059091,500,34353472533025172,https://koios.tosidrop.me/api/v1/epoch_info;https://koios.tosidrop.me/api/v1/epoch_params;https://koios.tosidrop.me/api/v1/totals,2026-05-19T12:31:54+00:00
458,1704059091,1704491091,500,34368890926478105,https://koios.tosidrop.me/api/v1/epoch_info;https://koios.tosidrop.me/api/v1/epoch_params;https://koios.tosidrop.me/api/v1/totals,2026-05-19T12:31:54+00:00
459,1704491091,1704923091,500,34376332357365855,https://koios.tosidrop.me/api/v1/epoch_info;https://koios.tosidrop.me/api/v1/epoch_params;https://koios.tosidrop.me/api/v1/totals,2026-05-19T12:31:54+00:00
460,1704923091,1705355091,500,34382480981578894,https://koios.tosidrop.me/api/v1/epoch_info;https://koios.tosidrop.me/api/v1/epoch_params;https://koios.tosidrop.me/api/v1/totals,2026-05-19T12:31:54+00:00
461,1705355091,1705787091,500,34391865220427194,https://koios.tosidrop.me/api/v1/epoch_info;https://koios.tosidrop.me/api/v1/epoch_params;https://koios.tosidrop.me/api/v1/totals,2026-05-19T12:31:54+00:00
462,1705787091,1706219091,500,34397745722512003,https://koios.tosidrop.me/api/v1/epoch_info;https://koios.tosidrop.me/api/v1/epoch_params;https://koios.tosidrop.me/api/v1/totals,2026-05-19T12:31:54+00:00
463,1706219091,1706651091,500,34409353644156539,https://koios.tosidrop.me/api/v1/epoch_info;https://koios.tosidrop.me/api/v1/epoch_params;https://koios.tosidrop.me/api/v1/totals,2026-05-19T12:31:54+00:00
464,1706651091,1707083091,500,34415611940562496,https://koios.tosidrop.me/api/v1/epoch_info;https://koios.tosidrop.me/api/v1/epoch_params;https://koios.tosidrop.me/api/v1/totals,2026-05-19T12:31:54+00:00
465,1707083091,1707515091,500,34424690912023161,https://koios.tosidrop.me/api/v1/epoch_info;https://koios.tosidrop.me/api/v1/epoch_params;https://koios.tosidrop.me/api/v1/totals,2026-05-19T12:31:54+00:00
466,1707515091,1707947091,500,34440303385251755,https://koios.tosidrop.me/api/v1/epoch_info;https://koios.tosidrop.me/api/v1/epoch_params;https://koios.tosidrop.me/api/v1/totals,2026-05-19T12:31:54+00:00
467,1707947091,1708379091,500,34447233362418051,https://koios.tosidrop.me/api/v1/epoch_info;https://koios.tosidrop.me/api/v1/epoch_params;https://koios.tosidrop.me/api/v1/totals,2026-05-19T12:31:54+00:00
468,1708379091,1708811091,500,34457885925838642,https://koios.tosidrop.me/api/v1/epoch_info;https://koios.tosidrop.me/api/v1/epoch_params;https://koios.tosidrop.me/api/v1/totals,2026-05-19T12:31:54+00:00
469,1708811091,1709243091,500,34463774233630959,https://koios.tosidrop.me/api/v1/epoch_info;https://koios.tosidrop.me/api/v1/epoch_params;https://koios.tosidrop.me/api/v1/totals,2026-05-19T12:31:54+00:00
470,1709243091,1709675091,500,34473239886896908,https://koios.tosidrop.me/api/v1/epoch_info;https://koios.tosidrop.me/api/v1/epoch_params;https://koios.tosidrop.me/api/v1/totals,2026-05-19T12:31:54+00:00
471,1709675091,1710107091,500,34488195086632664,https://koios.tosidrop.me/api/v1/epoch_info;https://koios.tosidrop.me/api/v1/epoch_params;https://koios.tosidrop.me/api/v1/totals,2026-05-19T12:31:54+00:00
472,1710107091,1710539091,500,34500038690414558,https://koios.tosidrop.me/api/v1/epoch_info;https://koios.tosidrop.me/api/v1/epoch_params;https://koios.tosidrop.me/api/v1/totals,2026-05-19T12:31:54+00:00
473,1710539091,1710971091,500,34561445954334874,https://koios.tosidrop.me/api/v1/epoch_info;https://koios.tosidrop.me/api/v1/epoch_params;https://koios.tosidrop.me/api/v1/totals,2026-05-19T12:31:54+00:00
474,1710971091,1711403091,500,34569285201873229,https://koios.tosidrop.me/api/v1/epoch_info;https://koios.tosidrop.me/api/v1/epoch_params;https://koios.tosidrop.me/api/v1/totals,2026-05-19T12:31:54+00:00
475,1711403091,1711835091,500,34575916444407339,https://koios.tosidrop.me/api/v1/epoch_info;https://koios.tosidrop.me/api/v1/epoch_params;https://koios.tosidrop.me/api/v1/totals,2026-05-19T12:31:54+00:00
476,1711835091,1712267091,500,34582181611237674,https://koios.tosidrop.me/api/v1/epoch_info;https://koios.tosidrop.me/api/v1/epoch_params;https://koios.tosidrop.me/api/v1/totals,2026-05-19T12:31:54+00:00
477,1712267091,1712699091,500,34589346619749309,https://koios.tosidrop.me/api/v1/epoch_info;https://koios.tosidrop.me/api/v1/epoch_params;https://koios.tosidrop.me/api/v1/totals,2026-05-19T12:31:54+00:00
478,1712699091,1713131091,500,34594893991416140,https://koios.tosidrop.me/api/v1/epoch_info;https://koios.tosidrop.me/api/v1/epoch_params;https://koios.tosidrop.me/api/v1/totals,2026-05-19T12:31:54+00:00
479,1713131091,1713563091,500,34600155389094060,https://koios.tosidrop.me/api/v1/epoch_info;https://koios.tosidrop.me/api/v1/epoch_params;https://koios.tosidrop.me/api/v1/totals,2026-05-19T12:31:54+00:00
480,1713563091,1713995091,500,34608125375296776,https://koios.tosidrop.me/api/v1/epoch_info;https://koios.tosidrop.me/api/v1/epoch_params;https://koios.tosidrop.me/api/v1/totals,2026-05-19T12:31:54+00:00
481,1713995091,1714427091,500,34613168878569303,https://koios.tosidrop.me/api/v1/epoch_info;https://koios.tosidrop.me/api/v1/epoch_params;https://koios.tosidrop.me/api/v1/totals,2026-05-19T12:31:54+00:00
482,1714427091,1714859091,500,34618588753051309,https://koios.tosidrop.me/api/v1/epoch_info;https://koios.tosidrop.me/api/v1/epoch_params;https://koios.tosidrop.me/api/v1/totals,2026-05-19T12:31:54+00:00
483,1714859091,1715291091,500,34623906306518042,https://koios.tosidrop.me/api/v1/epoch_info;https://koios.tosidrop.me/api/v1/epoch_params;https://koios.tosidrop.me/api/v1/totals,2026-05-19T12:31:54+00:00
484,1715291091,1715723091,500,34627686791125735,https://koios.tosidrop.me/api/v1/epoch_info;https://koios.tosidrop.me/api/v1/epoch_params;https://koios.tosidrop.me/api/v1/totals,2026-05-19T12:31:54+00:00
485,1715723091,1716155091,500,34635048622947455,https://koios.tosidrop.me/api/v1/epoch_info;https://koios.tosidrop.me/api/v1/epoch_params;https://koios.tosidrop.me/api/v1/totals,2026-05-19T12:31:54+00:00
486,1716155091,1716587091,500,34640951147104094,https://koios.tosidrop.me/api/v1/epoch_info;https://koios.tosidrop.me/api/v1/epoch_params;https://koios.tosidrop.me/api/v1/totals,2026-05-19T12:31:54+00:00
487,1716587091,1717019091,500,34647930578792391,https://koios.tosidrop.me/api/v1/epoch_info;https://koios.tosidrop.me/api/v1/epoch_params;https://koios.tosidrop.me/api/v1/totals,2026-05-19T12:31:54+00:00
488,1717019091,1717451091,500,34655929052652481,https://koios.tosidrop.me/api/v1/epoch_info;https://koios.tosidrop.me/api/v1/epoch_params;https://koios.tosidrop.me/api/v1/totals,2026-05-19T12:31:54+00:00
489,1717451091,1717883091,500,34662746129127353,https://koios.tosidrop.me/api/v1/epoch_info;https://koios.tosidrop.me/api/v1/epoch_params;https://koios.tosidrop.me/api/v1/totals,2026-05-19T12:31:54+00:00
490,1717883091,1718315091,500,34670031476329898,https://koios.tosidrop.me/api/v1/epoch_info;https://koios.tosidrop.me/api/v1/epoch_params;https://koios.tosidrop.me/api/v1/totals,2026-05-19T12:31:54+00:00
491,1718315091,1718747091,500,34685681893313969,https://koios.tosidrop.me/api/v1/epoch_info;https://koios.tosidrop.me/api/v1/epoch_params;https://koios.tosidrop.me/api/v1/totals,2026-05-19T12:31:54+00:00
492,1718747091,1719179091,500,34694866605453306,https://koios.tosidrop.me/api/v1/epoch_info;https://koios.tosidrop.me/api/v1/epoch_params;https://koios.tosidrop.me/api/v1/totals,2026-05-19T12:31:54+00:00
493,1719179091,1719611091,500,34699204535120961,https://koios.tosidrop.me/api/v1/epoch_info;https://koios.tosidrop.me/api/v1/epoch_params;https://koios.tosidrop.me/api/v1/totals,2026-05-19T12:31:54+00:00
494,1719611091,1720043091,500,34704862175319786,https://koios.tosidrop.me/api/v1/epoch_info;https://koios.tosidrop.me/api/v1/epoch_params;https://koios.tosidrop.me/api/v1/totals,2026-05-19T12:31:54+00:00
495,1720043091,1720475091,500,34712244332217889,https://koios.tosidrop.me/api/v1/epoch_info;https://koios.tosidrop.me/api/v1/epoch_params;https://koios.tosidrop.me/api/v1/totals,2026-05-19T12:31:54+00:00
496,1720475091,1720907091,500,34717984737143991,https://koios.tosidrop.me/api/v1/epoch_info;https://koios.tosidrop.me/api/v1/epoch_params;https://koios.tosidrop.me/api/v1/totals,2026-05-19T12:31:54+00:00
497,1720907091,1721339091,500,34823801321080772,https://koios.tosidrop.me/api/v1/epoch_info;https://koios.tosidrop.me/api/v1/epoch_params;https://koios.tosidrop.me/api/v1/totals,2026-05-19T12:31:54+00:00
498,1721339091,1721771091,500,34830004888343396,https://koios.tosidrop.me/api/v1/epoch_info;https://koios.tosidrop.me/api/v1/epoch_params;https://koios.tosidrop.me/api/v1/totals,2026-05-19T12:31:54+00:00
499,1721771091,1722203091,500,34835924249386237,https://koios.tosidrop.me/api/v1/epoch_info;https://koios.tosidrop.me/api/v1/epoch_params;https://koios.tosidrop.me/api/v1/totals,2026-05-19T12:31:54+00:00
500,1722203091,1722635091,500,34840305882765328,https://koios.tosidrop.me/api/v1/epoch_info;https://koios.tosidrop.me/api/v1/epoch_params;https://koios.tosidrop.me/api/v1/totals,2026-05-19T12:31:54+00:00
501,1722635091,1723067091,500,34848077512616517,https://koios.tosidrop.me/api/v1/epoch_info;https://koios.tosidrop.me/api/v1/epoch_params;https://koios.tosidrop.me/api/v1/totals,2026-05-19T12:31:54+00:00
502,1723067091,1723499091,500,34852706699159620,https://koios.tosidrop.me/api/v1/epoch_info;https://koios.tosidrop.me/api/v1/epoch_params;https://koios.tosidrop.me/api/v1/totals,2026-05-19T12:31:54+00:00
503,1723499091,1723931091,500,34858274848558305,https://koios.tosidrop.me/api/v1/epoch_info;https://koios.tosidrop.me/api/v1/epoch_params;https://koios.tosidrop.me/api/v1/totals,2026-05-19T12:31:54+00:00
504,1723931091,1724363091,500,34869371209408670,https://koios.tosidrop.me/api/v1/epoch_info;https://koios.tosidrop.me/api/v1/epoch_params;https://koios.tosidrop.me/api/v1/totals,2026-05-19T12:31:54+00:00
505,1724363091,1724795091,500,34898387366801994,https://koios.tosidrop.me/api/v1/epoch_info;https://koios.tosidrop.me/api/v1/epoch_params;https://koios.tosidrop.me/api/v1/totals,2026-05-19T12:31:54+00:00
506,1724795091,1725227091,500,34903866917785253,https://koios.tosidrop.me/api/v1/epoch_info;https://koios.tosidrop.me/api/v1/epoch_params;https://koios.tosidrop.me/api/v1/totals,2026-05-19T12:31:54+00:00
507,1725227091,1725659091,500,34914088331252698,https://koios.tosidrop.me/api/v1/epoch_info;https://koios.tosidrop.me/api/v1/epoch_params;https://koios.tosidrop.me/api/v1/totals,2026-05-19T12:31:54+00:00
508,1725659091,1726091091,500,34920087054112781,https://koios.tosidrop.me/api/v1/epoch_info;https://koios.tosidrop.me/api/v1/epoch_params;https://koios.tosidrop.me/api/v1/totals,2026-05-19T12:31:54+00:00
509,1726091091,1726523091,500,34928082918614374,https://koios.tosidrop.me/api/v1/epoch_info;https://koios.tosidrop.me/api/v1/epoch_params;https://koios.tosidrop.me/api/v1/totals,2026-05-19T12:31:54+00:00
510,1726523091,1726955091,500,34934284640363525,https://koios.tosidrop.me/api/v1/epoch_info;https://koios.tosidrop.me/api/v1/epoch_params;https://koios.tosidrop.me/api/v1/totals,2026-05-19T12:31:54+00:00
511,1726955091,1727387091,500,34939946172635956,https://koios.tosidrop.me/api/v1/epoch_info;https://koios.tosidrop.me/api/v1/epoch_params;https://koios.tosidrop.me/api/v1/totals,2026-05-19T12:31:54+00:00
512,1727387091,1727819091,500,34949383758068676,https://koios.tosidrop.me/api/v1/epoch_info;https://koios.tosidrop.me/api/v1/epoch_params;https://koios.tosidrop.me/api/v1/totals,2026-05-19T12:31:54+00:00
513,1727819091,1728251091,500,34956414642003962,https://koios.tosidrop.me/api/v1/epoch_info;https://koios.tosidrop.me/api/v1/epoch_params;https://koios.tosidrop.me/api/v1/totals,2026-05-19T12:31:54+00:00
514,1728251091,1728683091,500,34961093448080664,https://koios.tosidrop.me/api/v1/epoch_info;https://koios.tosidrop.me/api/v1/epoch_params;https://koios.tosidrop.me/api/v1/totals,2026-05-19T12:31:54+00:00
515,1728683091,1729115091,500,34967190801543885,https://koios.tosidrop.me/api/v1/epoch_info;https://koios.tosidrop.me/api/v1/epoch_params;https://koios.tosidrop.me/api/v1/totals,2026-05-19T12:31:54+00:00
516,1729115091,1729547091,500,34974248103681820,https://koios.tosidrop.me/api/v1/epoch_info;https://koios.tosidrop.me/api/v1/epoch_params;https://koios.tosidrop.me/api/v1/totals,2026-05-19T12:31:54+00:00
517,1729547091,1729979091,500,34980974699724316,https://koios.tosidrop.me/api/v1/epoch_info;https://koios.tosidrop.me/api/v1/epoch_params;https://koios.tosidrop.me/api/v1/totals,2026-05-19T12:31:54+00:00
518,1729979091,1730411091,500,34986894172872854,https://koios.tosidrop.me/api/v1/epoch_info;https://koios.tosidrop.me/api/v1/epoch_params;https://koios.tosidrop.me/api/v1/totals,2026-05-19T12:31:54+00:00
519,1730411091,1730843091,500,34995041871644768,https://koios.tosidrop.me/api/v1/epoch_info;https://koios.tosidrop.me/api/v1/epoch_params;https://koios.tosidrop.me/api/v1/totals,2026-05-19T12:31:54+00:00
520,1730843091,1731275091,500,35002992145926655,https://koios.tosidrop.me/api/v1/epoch_info;https://koios.tosidrop.me/api/v1/epoch_params;https://koios.tosidrop.me/api/v1/totals,2026-05-19T12:31:54+00:00
521,1731275091,1731707091,500,35018528521677057,https://koios.tosidrop.me/api/v1/epoch_info;https://koios.tosidrop.me/api/v1/epoch_params;https://koios.tosidrop.me/api/v1/totals,2026-05-19T12:31:54+00:00
522,1731707091,1732139091,500,35033776787310195,https://koios.tosidrop.me/api/v1/epoch_info;https://koios.tosidrop.me/api/v1/epoch_params;https://koios.tosidrop.me/api/v1/totals,2026-05-19T12:31:54+00:00
523,1732139091,1732571091,500,35052930435626512,https://koios.tosidrop.me/api/v1/epoch_info;https://koios.tosidrop.me/api/v1/epoch_params;https://koios.tosidrop.me/api/v1/totals,2026-05-19T12:31:54+00:00
524,1732571091,1733003091,500,35073778164292411,https://koios.tosidrop.me/api/v1/epoch_info;https://koios.tosidrop.me/api/v1/epoch_params;https://koios.tosidrop.me/api/v1/totals,2026-05-19T12:31:54+00:00
525,1733003091,1733435091,500,35085884197246362,https://koios.tosidrop.me/api/v1/epoch_info;https://koios.tosidrop.me/api/v1/epoch_params;https://koios.tosidrop.me/api/v1/totals,2026-05-19T12:31:54+00:00
526,1733435091,1733867091,500,35102215549811489,https://koios.tosidrop.me/api/v1/epoch_info;https://koios.tosidrop.me/api/v1/epoch_params;https://koios.tosidrop.me/api/v1/totals,2026-05-19T12:31:54+00:00
527,1733867091,1734299091,500,35112728715277787,https://koios.tosidrop.me/api/v1/epoch_info;https://koios.tosidrop.me/api/v1/epoch_params;https://koios.tosidrop.me/api/v1/totals,2026-05-19T12:31:54+00:00
528,1734299091,1734731091,500,35119317307650753,https://koios.tosidrop.me/api/v1/epoch_info;https://koios.tosidrop.me/api/v1/epoch_params;https://koios.tosidrop.me/api/v1/totals,2026-05-19T12:31:54+00:00
529,1734731091,1735163091,500,35126169612193782,https://koios.tosidrop.me/api/v1/epoch_info;https://koios.tosidrop.me/api/v1/epoch_params;https://koios.tosidrop.me/api/v1/totals,2026-05-19T12:31:54+00:00
530,1735163091,1735595091,500,35131891445179655,https://koios.tosidrop.me/api/v1/epoch_info;https://koios.tosidrop.me/api/v1/epoch_params;https://koios.tosidrop.me/api/v1/totals,2026-05-19T12:31:54+00:00
531,1735595091,1736027091,500,35139781273913494,https://koios.tosidrop.me/api/v1/epoch_info;https://koios.tosidrop.me/api/v1/epoch_params;https://koios.tosidrop.me/api/v1/totals,2026-05-19T12:31:54+00:00
532,1736027091,1736459091,500,35151153812590654,https://koios.tosidrop.me/api/v1/epoch_info;https://koios.tosidrop.me/api/v1/epoch_params;https://koios.tosidrop.me/api/v1/totals,2026-05-19T12:31:54+00:00
533,1736459091,1736891091,500,35158211529300041,https://koios.tosidrop.me/api/v1/epoch_info;https://koios.tosidrop.me/api/v1/epoch_params;https://koios.tosidrop.me/api/v1/totals,2026-05-19T12:31:54+00:00
534,1736891091,1737323091,500,35164286308839218,https://koios.tosidrop.me/api/v1/epoch_info;https://koios.tosidrop.me/api/v1/epoch_params;https://koios.tosidrop.me/api/v1/totals,2026-05-19T12:31:54+00:00
535,1737323091,1737755091,500,35171343597715164,https://koios.tosidrop.me/api/v1/epoch_info;https://koios.tosidrop.me/api/v1/epoch_params;https://koios.tosidrop.me/api/v1/totals,2026-05-19T12:31:54+00:00
536,1737755091,1738187091,500,35180226133471308,https://koios.tosidrop.me/api/v1/epoch_info;https://koios.tosidrop.me/api/v1/epoch_params;https://koios.tosidrop.me/api/v1/totals,2026-05-19T12:31:54+00:00
537,1738187091,1738619091,500,35185844017058276,https://koios.tosidrop.me/api/v1/epoch_info;https://koios.tosidrop.me/api/v1/epoch_params;https://koios.tosidrop.me/api/v1/totals,2026-05-19T12:31:54+00:00
538,1738619091,1739051091,500,35193500774442306,https://koios.tosidrop.me/api/v1/epoch_info;https://koios.tosidrop.me/api/v1/epoch_params;https://koios.tosidrop.me/api/v1/totals,2026-05-19T12:31:54+00:00
539,1739051091,1739483091,500,35197202831964372,https://koios.tosidrop.me/api/v1/epoch_info;https://koios.tosidrop.me/api/v1/epoch_params;https://koios.tosidrop.me/api/v1/totals,2026-05-19T12:31:54+00:00
540,1739483091,1739915091,500,35201193525868751,https://koios.tosidrop.me/api/v1/epoch_info;https://koios.tosidrop.me/api/v1/epoch_params;https://koios.tosidrop.me/api/v1/totals,2026-05-19T12:31:54+00:00
541,1739915091,1740347091,500,35204786637286954,https://koios.tosidrop.me/api/v1/epoch_info;https://koios.tosidrop.me/api/v1/epoch_params;https://koios.tosidrop.me/api/v1/totals,2026-05-19T12:31:54+00:00
542,1740347091,1740779091,500,35207580215769005,https://koios.tosidrop.me/api/v1/epoch_info;https://koios.tosidrop.me/api/v1/epoch_params;https://koios.tosidrop.me/api/v1/totals,2026-05-19T12:31:54+00:00
543,1740779091,1741211091,500,35212423444401982,https://koios.tosidrop.me/api/v1/epoch_info;https://koios.tosidrop.me/api/v1/epoch_params;https://koios.tosidrop.me/api/v1/totals,2026-05-19T12:31:54+00:00
544,1741211091,1741643091,500,35224212741266934,https://koios.tosidrop.me/api/v1/epoch_info;https://koios.tosidrop.me/api/v1/epoch_params;https://koios.tosidrop.me/api/v1/totals,2026-05-19T12:31:54+00:00
545,1741643091,1742075091,500,35230631106539980,https://koios.tosidrop.me/api/v1/epoch_info;https://koios.tosidrop.me/api/v1/epoch_params;https://koios.tosidrop.me/api/v1/totals,2026-05-19T12:31:54+00:00
546,1742075091,1742507091,500,35234797228450885,https://koios.tosidrop.me/api/v1/epoch_info;https://koios.tosidrop.me/api/v1/epoch_params;https://koios.tosidrop.me/api/v1/totals,2026-05-19T12:31:54+00:00
547,1742507091,1742939091,500,35238941062750438,https://koios.tosidrop.me/api/v1/epoch_info;https://koios.tosidrop.me/api/v1/epoch_params;https://koios.tosidrop.me/api/v1/totals,2026-05-19T12:31:54+00:00
548,1742939091,1743371091,500,35242104181189725,https://koios.tosidrop.me/api/v1/epoch_info;https://koios.tosidrop.me/api/v1/epoch_params;https://koios.tosidrop.me/api/v1/totals,2026-05-19T12:31:54+00:00
549,1743371091,1743803091,500,35268011575203435,https://koios.tosidrop.me/api/v1/epoch_info;https://koios.tosidrop.me/api/v1/epoch_params;https://koios.tosidrop.me/api/v1/totals,2026-05-19T12:31:54+00:00
550,1743803091,1744235091,500,35274323538582421,https://koios.tosidrop.me/api/v1/epoch_info;https://koios.tosidrop.me/api/v1/epoch_params;https://koios.tosidrop.me/api/v1/totals,2026-05-19T12:31:54+00:00
551,1744235091,1744667091,500,35281021301536092,https://koios.tosidrop.me/api/v1/epoch_info;https://koios.tosidrop.me/api/v1/epoch_params;https://koios.tosidrop.me/api/v1/totals,2026-05-19T12:31:54+00:00
552,1744667091,1745099091,500,35287114426692333,https://koios.tosidrop.me/api/v1/epoch_info;https://koios.tosidrop.me/api/v1/epoch_params;https://koios.tosidrop.me/api/v1/totals,2026-05-19T12:31:54+00:00
553,1745099091,1745531091,500,35290300162927531,https://koios.tosidrop.me/api/v1/epoch_info;https://koios.tosidrop.me/api/v1/epoch_params;https://koios.tosidrop.me/api/v1/totals,2026-05-19T12:31:54+00:00
554,1745531091,1745963091,500,35298485421751079,https://koios.tosidrop.me/api/v1/epoch_info;https://koios.tosidrop.me/api/v1/epoch_params;https://koios.tosidrop.me/api/v1/totals,2026-05-19T12:31:54+00:00
555,1745963091,1746395091,500,35302796703743889,https://koios.tosidrop.me/api/v1/epoch_info;https://koios.tosidrop.me/api/v1/epoch_params;https://koios.tosidrop.me/api/v1/totals,2026-05-19T12:31:54+00:00
556,1746395091,1746827091,500,35308636904394899,https://koios.tosidrop.me/api/v1/epoch_info;https://koios.tosidrop.me/api/v1/epoch_params;https://koios.tosidrop.me/api/v1/totals,2026-05-19T12:31:54+00:00
557,1746827091,1747259091,500,35312950699404732,https://koios.tosidrop.me/api/v1/epoch_info;https://koios.tosidrop.me/api/v1/epoch_params;https://koios.tosidrop.me/api/v1/totals,2026-05-19T12:31:54+00:00
558,1747259091,1747691091,500,35320106571102851,https://koios.tosidrop.me/api/v1/epoch_info;https://koios.tosidrop.me/api/v1/epoch_params;https://koios.tosidrop.me/api/v1/totals,2026-05-19T12:31:54+00:00
559,1747691091,1748123091,500,35324161322982795,https://koios.tosidrop.me/api/v1/epoch_info;https://koios.tosidrop.me/api/v1/epoch_params;https://koios.tosidrop.me/api/v1/totals,2026-05-19T12:31:54+00:00
560,1748123091,1748555091,500,35334514487467261,https://koios.tosidrop.me/api/v1/epoch_info;https://koios.tosidrop.me/api/v1/epoch_params;https://koios.tosidrop.me/api/v1/totals,2026-05-19T12:31:54+00:00
561,1748555091,1748987091,500,35337743183176508,https://koios.tosidrop.me/api/v1/epoch_info;https://koios.tosidrop.me/api/v1/epoch_params;https://koios.tosidrop.me/api/v1/totals,2026-05-19T12:31:54+00:00
562,1748987091,1749419091,500,35342129025248560,https://koios.tosidrop.me/api/v1/epoch_info;https://koios.tosidrop.me/api/v1/epoch_params;https://koios.tosidrop.me/api/v1/totals,2026-05-19T12:31:54+00:00
563,1749419091,1749851091,500,35346979015393979,https://koios.tosidrop.me/api/v1/epoch_info;https://koios.tosidrop.me/api/v1/epoch_params;https://koios.tosidrop.me/api/v1/totals,2026-05-19T12:31:54+00:00
564,1749851091,1750283091,500,35356538084557689,https://koios.tosidrop.me/api/v1/epoch_info;https://koios.tosidrop.me/api/v1/epoch_params;https://koios.tosidrop.me/api/v1/totals,2026-05-19T12:31:54+00:00
565,1750283091,1750715091,500,35364662596805385,https://koios.tosidrop.me/api/v1/epoch_info;https://koios.tosidrop.me/api/v1/epoch_params;https://koios.tosidrop.me/api/v1/totals,2026-05-19T12:31:54+00:00
566,1750715091,1751147091,500,35372023764019448,https://koios.tosidrop.me/api/v1/epoch_info;https://koios.tosidrop.me/api/v1/epoch_params;https://koios.tosidrop.me/api/v1/totals,2026-05-19T12:31:54+00:00
567,1751147091,1751579091,500,35376156272842367,https://koios.tosidrop.me/api/v1/epoch_info;https://koios.tosidrop.me/api/v1/epoch_params;https://koios.tosidrop.me/api/v1/totals,2026-05-19T12:31:54+00:00
568,1751579091,1752011091,500,35384048918141699,https://koios.tosidrop.me/api/v1/epoch_info;https://koios.tosidrop.me/api/v1/epoch_params;https://koios.tosidrop.me/api/v1/totals,2026-05-19T12:31:54+00:00
569,1752011091,1752443091,500,35388198743398587,https://koios.tosidrop.me/api/v1/epoch_info;https://koios.tosidrop.me/api/v1/epoch_params;https://koios.tosidrop.me/api/v1/totals,2026-05-19T12:31:54+00:00
570,1752443091,1752875091,500,35395351625884919,https://koios.tosidrop.me/api/v1/epoch_info;https://koios.tosidrop.me/api/v1/epoch_params;https://koios.tosidrop.me/api/v1/totals,2026-05-19T12:31:54+00:00
571,1752875091,1753307091,500,35398491999091376,https://koios.tosidrop.me/api/v1/epoch_info;https://koios.tosidrop.me/api/v1/epoch_params;https://koios.tosidrop.me/api/v1/totals,2026-05-19T12:31:54+00:00
572,1753307091,1753739091,500,35408492715290124,https://koios.tosidrop.me/api/v1/epoch_info;https://koios.tosidrop.me/api/v1/epoch_params;https://koios.tosidrop.me/api/v1/totals,2026-05-19T12:31:54+00:00
573,1753739091,1754171091,500,35412895644518199,https://koios.tosidrop.me/api/v1/epoch_info;https://koios.tosidrop.me/api/v1/epoch_params;https://koios.tosidrop.me/api/v1/totals,2026-05-19T12:31:54+00:00
574,1754171091,1754603091,500,35418267108580059,https://koios.tosidrop.me/api/v1/epoch_info;https://koios.tosidrop.me/api/v1/epoch_params;https://koios.tosidrop.me/api/v1/totals,2026-05-19T12:31:54+00:00
575,1754603091,1755035091,500,35427329007833823,https://koios.tosidrop.me/api/v1/epoch_info;https://koios.tosidrop.me/api/v1/epoch_params;https://koios.tosidrop.me/api/v1/totals,2026-05-19T12:31:54+00:00
576,1755035091,1755467091,500,35609095291321356,https://koios.tosidrop.me/api/v1/epoch_info;https://koios.tosidrop.me/api/v1/epoch_params;https://koios.tosidrop.me/api/v1/totals,2026-05-19T12:31:54+00:00
577,1755467091,1755899091,500,35698219657725714,https://koios.tosidrop.me/api/v1/epoch_info;https://koios.tosidrop.me/api/v1/epoch_params;https://koios.tosidrop.me/api/v1/totals,2026-05-19T12:31:54+00:00
578,1755899091,1756331091,500,35724891762859820,https://koios.tosidrop.me/api/v1/epoch_info;https://koios.tosidrop.me/api/v1/epoch_params;https://koios.tosidrop.me/api/v1/totals,2026-05-19T12:31:54+00:00
579,1756331091,1756763091,500,35731844808464892,https://koios.tosidrop.me/api/v1/epoch_info;https://koios.tosidrop.me/api/v1/epoch_params;https://koios.tosidrop.me/api/v1/totals,2026-05-19T12:31:54+00:00
580,1756763091,1757195091,500,35740930890560293,https://koios.tosidrop.me/api/v1/epoch_info;https://koios.tosidrop.me/api/v1/epoch_params;https://koios.tosidrop.me/api/v1/totals,2026-05-19T12:31:54+00:00
581,1757195091,1757627091,500,35767053299791840,https://koios.tosidrop.me/api/v1/epoch_info;https://koios.tosidrop.me/api/v1/epoch_params;https://koios.tosidrop.me/api/v1/totals,2026-05-19T12:31:54+00:00
582,1757627091,1758059091,500,35780279479683788,https://koios.tosidrop.me/api/v1/epoch_info;https://koios.tosidrop.me/api/v1/epoch_params;https://koios.tosidrop.me/api/v1/totals,2026-05-19T12:31:54+00:00
583,1758059091,1758491091,500,35791993628261576,https://koios.tosidrop.me/api/v1/epoch_info;https://koios.tosidrop.me/api/v1/epoch_params;https://koios.tosidrop.me/api/v1/totals,2026-05-19T12:31:54+00:00
584,1758491091,1758923091,500,35800453490387692,https://koios.tosidrop.me/api/v1/epoch_info;https://koios.tosidrop.me/api/v1/epoch_params;https://koios.tosidrop.me/api/v1/totals,2026-05-19T12:31:54+00:00
585,1758923091,1759355091,500,35813736846860604,https://koios.tosidrop.me/api/v1/epoch_info;https://koios.tosidrop.me/api/v1/epoch_params;https://koios.tosidrop.me/api/v1/totals,2026-05-19T12:31:54+00:00
586,1759355091,1759787091,500,35818890118106610,https://koios.tosidrop.me/api/v1/epoch_info;https://koios.tosidrop.me/api/v1/epoch_params;https://koios.tosidrop.me/api/v1/totals,2026-05-19T12:31:54+00:00
587,1759787091,1760219091,500,35827299997723116,https://koios.tosidrop.me/api/v1/epoch_info;https://koios.tosidrop.me/api/v1/epoch_params;https://koios.tosidrop.me/api/v1/totals,2026-05-19T12:31:54+00:00
588,1760219091,1760651091,500,35834505705157918,https://koios.tosidrop.me/api/v1/epoch_info;https://koios.tosidrop.me/api/v1/epoch_params;https://koios.tosidrop.me/api/v1/totals,2026-05-19T12:31:54+00:00
589,1760651091,1761083091,500,35841169112957719,https://koios.tosidrop.me/api/v1/epoch_info;https://koios.tosidrop.me/api/v1/epoch_params;https://koios.tosidrop.me/api/v1/totals,2026-05-19T12:31:54+00:00
590,1761083091,1761515091,500,35850699609683960,https://koios.tosidrop.me/api/v1/epoch_info;https://koios.tosidrop.me/api/v1/epoch_params;https://koios.tosidrop.me/api/v1/totals,2026-05-19T12:31:54+00:00
591,1761515091,1761947091,500,35854459397418887,https://koios.tosidrop.me/api/v1/epoch_info;https://koios.tosidrop.me/api/v1/epoch_params;https://koios.tosidrop.me/api/v1/totals,2026-05-19T12:31:54+00:00
592,1761947091,1762379091,500,35860558784347504,https://koios.tosidrop.me/api/v1/epoch_info;https://koios.tosidrop.me/api/v1/epoch_params;https://koios.tosidrop.me/api/v1/totals,2026-05-19T12:31:54+00:00
593,1762379091,1762811091,500,35866283823407633,https://koios.tosidrop.me/api/v1/epoch_info;https://koios.tosidrop.me/api/v1/epoch_params;https://koios.tosidrop.me/api/v1/totals,2026-05-19T12:31:54+00:00
594,1762811091,1763243091,500,35871059005020647,https://koios.tosidrop.me/api/v1/epoch_info;https://koios.tosidrop.me/api/v1/epoch_params;https://koios.tosidrop.me/api/v1/totals,2026-05-19T12:31:54+00:00
595,1763243091,1763675091,500,35877707945188378,https://koios.tosidrop.me/api/v1/epoch_info;https://koios.tosidrop.me/api/v1/epoch_params;https://koios.tosidrop.me/api/v1/totals,2026-05-19T12:31:54+00:00
596,1763675091,1764107091,500,35889744277180849,https://koios.tosidrop.me/api/v1/epoch_info;https://koios.tosidrop.me/api/v1/epoch_params;https://koios.tosidrop.me/api/v1/totals,2026-05-19T12:31:54+00:00
597,1764107091,1764539091,500,35893941446258789,https://koios.tosidrop.me/api/v1/epoch_info;https://koios.tosidrop.me/api/v1/epoch_params;https://koios.tosidrop.me/api/v1/totals,2026-05-19T12:31:54+00:00
598,1764539091,1764971091,500,35898690325611028,https://koios.tosidrop.me/api/v1/epoch_info;https://koios.tosidrop.me/api/v1/epoch_params;https://koios.tosidrop.me/api/v1/totals,2026-05-19T12:31:54+00:00
599,1764971091,1765403091,500,35902711180547042,https://koios.tosidrop.me/api/v1/epoch_info;https://koios.tosidrop.me/api/v1/epoch_params;https://koios.tosidrop.me/api/v1/totals,2026-05-19T12:31:54+00:00
600,1765403091,1765835091,500,35910312071293029,https://koios.tosidrop.me/api/v1/epoch_info;https://koios.tosidrop.me/api/v1/epoch_params;https://koios.tosidrop.me/api/v1/totals,2026-05-19T12:31:54+00:00
601,1765835091,1766267091,500,35921121858128281,https://koios.tosidrop.me/api/v1/epoch_info;https://koios.tosidrop.me/api/v1/epoch_params;https://koios.tosidrop.me/api/v1/totals,2026-05-19T12:31:54+00:00
602,1766267091,1766699091,500,35925947464895371,https://koios.tosidrop.me/api/v1/epoch_info;https://koios.tosidrop.me/api/v1/epoch_params;https://koios.tosidrop.me/api/v1/totals,2026-05-19T12:31:54+00:00
603,1766699091,1767131091,500,35932600980305726,https://koios.tosidrop.me/api/v1/epoch_info;https://koios.tosidrop.me/api/v1/epoch_params;https://koios.tosidrop.me/api/v1/totals,2026-05-19T12:31:54+00:00
604,1767131091,1767563091,500,35943276887330575,https://koios.tosidrop.me/api/v1/epoch_info;https://koios.tosidrop.me/api/v1/epoch_params;https://koios.tosidrop.me/api/v1/totals,2026-05-19T12:31:54+00:00
605,1767563091,1767995091,500,35951226975064921,https://koios.tosidrop.me/api/v1/epoch_info;https://koios.tosidrop.me/api/v1/epoch_params;https://koios.tosidrop.me/api/v1/totals,2026-05-19T12:31:54+00:00
606,1767995091,1768427091,500,35957655322079403,https://koios.tosidrop.me/api/v1/epoch_info;https://koios.tosidrop.me/api/v1/epoch_params;https://koios.tosidrop.me/api/v1/totals,2026-05-19T12:31:54+00:00
607,1768427091,1768859091,500,35961056222100735,https://koios.tosidrop.me/api/v1/epoch_info;https://koios.tosidrop.me/api/v1/epoch_params;https://koios.tosidrop.me/api/v1/totals,2026-05-19T12:31:54+00:00
608,1768859091,1769291091,500,36035240284477897,https://koios.tosidrop.me/api/v1/epoch_info;https://koios.tosidrop.me/api/v1/epoch_params;https://koios.tosidrop.me/api/v1/totals,2026-05-19T12:31:54+00:00
609,1769291091,1769723091,500,36040029487185240,https://koios.tosidrop.me/api/v1/epoch_info;https://koios.tosidrop.me/api/v1/epoch_params;https://koios.tosidrop.me/api/v1/totals,2026-05-19T12:31:54+00:00
610,1769723091,1770155091,500,36046116263330968,https://koios.tosidrop.me/api/v1/epoch_info;https://koios.tosidrop.me/api/v1/epoch_params;https://koios.tosidrop.me/api/v1/totals,2026-05-19T12:31:54+00:00
611,1770155091,1770587091,500,36057347728051289,https://koios.tosidrop.me/api/v1/epoch_info;https://koios.tosidrop.me/api/v1/epoch_params;https://koios.tosidrop.me/api/v1/totals,2026-05-19T12:31:54+00:00
612,1770587091,1771019091,500,36062130319136730,https://koios.tosidrop.me/api/v1/epoch_info;https://koios.tosidrop.me/api/v1/epoch_params;https://koios.tosidrop.me/api/v1/totals,2026-05-19T12:31:54+00:00
613,1771019091,1771451091,500,36066145196643968,https://koios.tosidrop.me/api/v1/epoch_info;https://koios.tosidrop.me/api/v1/epoch_params;https://koios.tosidrop.me/api/v1/totals,2026-05-19T12:31:54+00:00
614,1771451091,1771883091,500,36069809187333429,https://koios.tosidrop.me/api/v1/epoch_info;https://koios.tosidrop.me/api/v1/epoch_params;https://koios.tosidrop.me/api/v1/totals,2026-05-19T12:31:54+00:00
615,1771883091,1772315091,500,36074136490462854,https://koios.tosidrop.me/api/v1/epoch_info;https://koios.tosidrop.me/api/v1/epoch_params;https://koios.tosidrop.me/api/v1/totals,2026-05-19T12:31:54+00:00
616,1772315091,1772747091,500,36078864112215472,https://koios.tosidrop.me/api/v1/epoch_info;https://koios.tosidrop.me/api/v1/epoch_params;https://koios.tosidrop.me/api/v1/totals,2026-05-19T12:31:54+00:00
617,1772747091,1773179091,500,36084984315230324,https://koios.tosidrop.me/api/v1/epoch_info;https://koios.tosidrop.me/api/v1/epoch_params;https://koios.tosidrop.me/api/v1/totals,2026-05-19T12:31:54+00:00
618,1773179091,1773611091,500,36087496074637195,https://koios.tosidrop.me/api/v1/epoch_info;https://koios.tosidrop.me/api/v1/epoch_params;https://koios.tosidrop.me/api/v1/totals,2026-05-19T12:31:54+00:00
619,1773611091,1774043091,500,36090735750897061,https://koios.tosidrop.me/api/v1/epoch_info;https://koios.tosidrop.me/api/v1/epoch_params;https://koios.tosidrop.me/api/v1/totals,2026-05-19T12:31:54+00:00
620,1774043091,1774475091,500,36096440525578679,https://koios.tosidrop.me/api/v1/epoch_info;https://koios.tosidrop.me/api/v1/epoch_params;https://koios.tosidrop.me/api/v1/totals,2026-05-19T12:31:54+00:00
621,1774475091,1774907091,500,36099543042350043,https://koios.tosidrop.me/api/v1/epoch_info;https://koios.tosidrop.me/api/v1/epoch_params;https://koios.tosidrop.me/api/v1/totals,2026-05-19T12:31:54+00:00
622,1774907091,1775339091,500,36104403019314200,https://koios.tosidrop.me/api/v1/epoch_info;https://koios.tosidrop.me/api/v1/epoch_params;https://koios.tosidrop.me/api/v1/totals,2026-05-19T12:31:54+00:00
623,1775339091,1775771091,500,36110020282057263,https://koios.tosidrop.me/api/v1/epoch_info;https://koios.tosidrop.me/api/v1/epoch_params;https://koios.tosidrop.me/api/v1/totals,2026-05-19T12:31:54+00:00
624,1775771091,1776203091,500,36113714118039282,https://koios.tosidrop.me/api/v1/epoch_info;https://koios.tosidrop.me/api/v1/epoch_params;https://koios.tosidrop.me/api/v1/totals,2026-05-19T12:31:54+00:00
625,1776203091,1776635091,500,36166667713587194,https://koios.tosidrop.me/api/v1/epoch_info;https://koios.tosidrop.me/api/v1/epoch_params;https://koios.tosidrop.me/api/v1/totals,2026-05-19T12:31:54+00:00
626,1776635091,1777067091,500,36181739617830692,https://koios.tosidrop.me/api/v1/epoch_info;https://koios.tosidrop.me/api/v1/epoch_params;https://koios.tosidrop.me/api/v1/totals,2026-05-19T12:31:54+00:00
627,1777067091,1777499091,500,36184080567739945,https://koios.tosidrop.me/api/v1/epoch_info;https://koios.tosidrop.me/api/v1/epoch_params;https://koios.tosidrop.me/api/v1/totals,2026-05-19T12:31:54+00:00
628,1777499091,1777931091,500,36188245156300773,https://koios.tosidrop.me/api/v1/epoch_info;https://koios.tosidrop.me/api/v1/epoch_params;https://koios.tosidrop.me/api/v1/totals,2026-05-19T12:31:54+00:00
629,1777931091,1778363091,500,36193530883924861,https://koios.tosidrop.me/api/v1/epoch_info;https://koios.tosidrop.me/api/v1/epoch_params;https://koios.tosidrop.me/api/v1/totals,2026-05-19T12:31:54+00:00
630,1778363091,1778795091,500,36200982332234630,https://koios.tosidrop.me/api/v1/epoch_info;https://koios.tosidrop.me/api/v1/epoch_params;https://koios.tosidrop.me/api/v1/totals,2026-05-19T12:31:54+00:00
